-0.00361956977496,-1.19657710803,1
-0.766927787045,1.3509045558,0
0.252922137275,0.833287929686,0
-0.96454929498,1.33022867353,0
-0.455798585992,-0.270895491316,1
0.234314463906,0.838179882279,0
-1.28373751731,1.26903314755,0
0.194028564423,-1.42625846716,1
0.350250155135,1.04095378303,0
-0.0747602130711,1.17210332744,0
-1.09551996792,1.24084918415,0
0.0849810432279,-1.3389028024,1
1.22923118138,-1.39277390314,1
1.0332008394,-1.21848944653,1
0.590485059688,-1.64000858787,1
0.659488758653,-0.574706782169,0
-0.653342768501,1.47896264964,0
1.42878688169,-0.854828249712,1
-0.328298840455,-0.765726059241,1
0.55859980486,-1.451828431,1
1.72743091854,0.197273144796,1
0.728776322323,-1.61109473456,1
-0.480288244686,1.48633144314,0
0.246851055709,-1.51301494577,1
-1.76906458907,0.277117836602,0
-0.0280301928441,-1.25142275009,1
-0.361294266578,1.41190962489,0
-0.437409271032,-0.461267197464,1
1.72142658701,0.390659106606,1
0.159019135252,0.999637544541,0
0.655260860529,-1.47753326996,1
-0.746391487512,1.6085949155,0
-0.129727102646,1.46833213597,0
-0.781180651772,1.38736878044,0
0.901869108833,-1.30448792311,1
-1.70471921377,-0.303281075568,0
1.71419435706,0.428915742753,1
-0.429325730767,-0.732667648559,1
-0.0633845463364,-1.09393875185,1
0.133175750877,0.952506895629,0
-1.62123001118,0.531068704314,0
-0.567406993152,1.44987032267,0
1.51618568196,-0.495427491425,1
1.69856567749,0.131713158147,1
0.44782754457,-1.62974433613,1
-0.560172308323,1.53734637272,0
1.68108485412,-0.195383234427,1
-0.0381835150278,1.26391764797,0
-0.0869057191649,1.48426999905,0
0.196504148805,1.08306795404,0
0.0582268138778,1.15843462366,0
0.176801125888,0.860770837369,0
-0.382238904497,-0.256640745806,1
1.75406158549,0.0763033261136,1
1.77056885968,0.283219249626,1
-1.38788265246,1.10899736733,0
0.256107794568,-1.406187083,1
-1.79334100454,0.0753051909951,0
0.0453039762699,0.919267029196,0
-1.41685556272,0.784889037895,0
-0.673334712915,1.5890707123,0
-0.0609387599524,1.13993944157,0
0.456154238203,0.327825392731,0
-0.230835294114,-0.751815242864,1
-0.182712031039,-1.0478321234,1
0.162357314438,-1.36240913358,1
-0.69610150453,1.25505894157,0
0.606427416793,-0.444220903026,0
1.15281218855,-1.28845291044,1
0.644155620503,-1.48678276865,1
-0.398917562234,-0.21660686162,1
0.229738126376,0.96912882237,0
-0.186119206287,1.51091755794,0
0.0955762774365,1.06373346358,0
0.0198352005202,1.32251177532,0
-0.589353670856,0.600561204602,1
-0.140546478134,-0.928001549861,1
-0.116477905385,1.25774763984,0
-0.483631583667,0.313210920848,1
0.49852534501,0.00330264119289,0
-0.125697904886,-0.927406515889,1
-1.20772032695,1.05495062933,0
0.11790903814,-1.45746015743,1
-0.194981566278,-0.938964108163,1
1.57919860342,-0.358852437453,1
-0.298972346407,-0.609139718365,1
-0.775264122236,1.52604606063,0
0.111429122817,-1.31249566764,1
0.0853754763577,-1.21641529987,1
1.7938445113,-0.165249921533,1
0.125421962124,1.04081449587,0
-0.564867192171,1.39418393735,0
0.508405609699,0.0587410637052,0
-0.0442822670514,-1.30438800326,1
1.2596443611,-1.36278550436,1
1.14769804146,-1.27399424442,1
1.40774021226,-0.770988291279,1
1.24024495463,-1.08422728361,1
-0.552202185033,0.641322684182,1
0.359594881823,0.654900597855,0
-0.51134802394,0.0423860579841,1
1.52076363502,-0.616294670025,1
0.695998846753,-1.41945681585,1
-0.103708575105,1.55812999402,0
0.274134339876,1.00784225673,0
0.429319976889,0.510443200277,0
0.329962190871,-1.44630782016,1
0.533370119505,-1.6423252233,1
-0.702309859598,1.41452805569,0
-0.656296065634,1.50247807618,0
1.01305894488,-1.42981159841,1
1.42727958187,-1.28888699429,1
0.160975012729,-1.50620129824,1
-0.484579432506,-0.506389283136,1
-0.529162254453,-0.324615167129,1
1.24130291395,-1.08591239953,1
-0.806802513137,1.63479910094,0
0.574838009315,-0.215398174059,0
-0.202645303148,-0.753732842089,1
-0.270138880213,1.53807129104,0
-0.459839045207,-0.638487194526,1
1.33581033293,-1.14588581587,1
1.66826005568,-0.241082822807,1
0.558104803805,-1.48186357966,1
-0.394076551334,-0.542158123559,1
0.451608860967,-1.64279498592,1
1.33810032647,-1.22671116371,1
-1.49725677137,0.813017983363,0
-1.59765786101,0.64629006524,0
-0.353374094777,-0.926406511668,1
-0.0721090419997,-1.25865447864,1
1.20397249373,-1.09563214603,1
0.325380022466,0.803850688428,0
-1.69851198341,0.346006657452,0
1.79450330916,0.390488938655,1
-0.455206144188,-0.226423106605,1
-1.61259434376,0.530504437218,0
-0.44847800483,-0.200228400508,1
-0.422782177994,-0.708370379232,1
1.25524436078,-1.14336843347,1
0.157328871175,-1.11027948055,1
-1.64893041555,0.286710177512,0
-0.069291305778,-1.39316635578,1
-0.412306591471,-0.292442264899,1
-1.63391933418,0.363228792564,0
0.533594320857,-1.3760730206,1
-0.826004009185,1.49368378608,0
0.346935277192,-1.39621573164,1
-1.77395359246,-0.411535708368,0
0.627878929788,-0.0857999968624,0
1.51015398107,-0.350099534065,1
1.45178985841,-0.524782092017,1
0.464066344384,0.65917773399,0
-0.589410295981,0.300287666865,1
-1.52208521747,0.389051734062,0
-0.35258222084,-0.855404699284,1
1.39821591702,-1.10597193652,1
-1.68988752327,-0.0576592208556,0
0.641101346872,-1.69282841885,1
0.00571952228809,1.27991225473,0
0.0550465710824,1.14450209118,0
-0.230623101079,-0.896374783224,1
1.13835840257,-1.26411979736,1
0.387311248158,0.527953385692,0
0.18287522779,-1.35909493535,1
0.845515061277,-1.34671818051,1
0.356818497136,0.341277215917,0
0.284451689891,0.889695167092,0
0.518089070997,0.389853523984,0
0.639581980588,-0.254127699693,0
0.0213000286029,1.28618256078,0
1.46241759344,-0.61003114153,1
-0.338368259242,-0.832305869816,1
0.276326252459,0.863718309705,0
-0.272740827067,1.37771258039,0
-0.180214098601,-1.03023644021,1
1.12496531925,-1.32417466302,1
-1.15639123445,1.217928604,0
1.62906634012,-0.0260421035083,1
-0.570709409668,-0.153043124364,1
-1.21385898077,0.851556830007,0
0.54263246377,-0.0770828806944,0
0.493768470726,-0.275543115377,0
0.708516873024,-1.52388953388,1
-0.0985436415363,1.58378381598,0
-1.62329869419,0.634431398368,0
-0.42625032435,1.47433734041,0
-0.284930100772,-0.854872418071,1
1.78283471763,-0.141666363834,1
0.194901173607,1.08451923833,0
0.623864170383,-0.413796428495,0
-1.66080861308,0.433838040115,0
0.460730217357,-1.68230897209,1
-1.66824911509,0.360574494857,0
-0.607917256448,1.52435815977,0
-0.140338668369,-1.21013050402,1
-0.371352642872,1.46483128103,0
1.7404142535,0.020063509288,1
-1.04898342781,1.29092853711,0
0.930205558509,-1.52881452068,1
-1.79691792141,-0.428564204544,0
-1.42387654971,1.12185041345,0
1.62529638147,-0.139949129557,1
0.43603326435,-1.40720537346,1
0.40657234355,0.332100872436,0
-1.00136684591,1.44506893203,0
0.959041932212,-1.29045417061,1
-0.59869455876,-0.150478276542,1
-0.0374636599828,-1.19420475569,1
-1.13805104854,1.24267331312,0
1.24946309393,-1.17854855093,1
0.208096565477,-1.54693057371,1
-1.07466077864,1.1870020183,0
1.78373080242,-0.273253363831,1
-0.604584735202,-0.0937607756075,1
-0.528262692193,0.373983056635,1
1.04828043654,-1.15659363599,1
-0.297367901855,-0.805705453139,1
0.0553277054244,1.09012893293,0
-0.0921331256848,1.37469153278,0
0.565606671252,0.132370173301,0
-1.64974724502,-0.0495004730944,0
0.535389620527,-0.195535320969,0
-0.154446439359,1.26676197737,0
1.6898551361,0.0625715108174,1
1.01678479964,-1.36920625256,1
1.46903232566,-0.665652076668,1
0.898532068733,-1.46345514561,1
-0.95209572681,1.39148286771,0
-1.55092784538,0.699165263119,0
1.52272423334,-0.19599023487,1
-0.917514207589,1.43612607474,0
-0.247383610116,-1.00221452757,1
-0.533157453725,1.24875630095,0
-1.59223356566,0.624073133515,0
-0.0413339574919,-1.32234778582,1
-1.74960572988,-0.311903571865,0
0.791643405606,-1.51980154542,1
0.650656334936,-0.0966203907492,0
-0.591564949336,1.47559037902,0
-0.875485888254,1.38189786457,0
-0.0268363971342,1.28185750614,0
-1.61120794351,0.240241644503,0
-1.68997410921,-0.106500065928,0
-0.482586295678,0.106562862342,1
-0.75137019547,1.49714938137,0
-0.42092843235,-0.55950236171,1
-0.180816529638,-0.408489042861,1
0.33409485898,-1.56091371054,1
1.45082743277,-0.780961716739,1
-0.137007857366,1.41556208856,0
-0.239450013155,-0.877140122883,1
-1.23383703197,1.0464147614,0
-0.665873111592,0.0321175761784,1
-1.60906502993,0.310283138685,0
-1.42208582158,0.876907858637,0
-0.670564182229,1.48961037063,0
-0.162684760297,-0.872034244736,1
-0.0471803265192,-1.3056611899,1
-0.376258690243,1.47552467335,0
0.277618263691,-1.45446238759,1
0.583671333646,-0.0244475608228,0
-1.07253383906,1.33520630755,0
1.37921532792,-1.13009576421,1
1.65072994973,0.252456461843,1
0.495782003306,0.406844086937,0
1.76973468983,0.638010835038,1
0.54922938078,-0.256490615854,0
-0.0415403044584,-1.3616399436,1
-1.26830598437,1.00830065116,0
-1.22300173094,1.10999812489,0
0.0847163348732,1.18319519186,0
-0.108169442002,-1.06988124678,1
0.988571487284,-1.42232695892,1
-0.464013154452,1.53950035319,0
-1.60165714475,0.575911639301,0
-0.475961983128,-0.725071379693,1
-0.901108790368,1.46864661773,0
-0.0316880470982,1.35934444205,0
-0.153695710551,1.23505803219,0
0.182360471446,1.32605012754,0
0.0735305766784,-1.21178061164,1
0.578532140414,-1.64409466883,1
0.824172348829,-1.41055085722,1
1.13694002948,-1.31726486892,1
0.43170619364,-0.194674934946,0
1.54035194395,-0.71583441794,1
-0.543207135545,0.0763991614164,1
-0.604518665623,0.519789113875,1
0.134355999419,1.3450666207,0
-0.542671694303,0.429039970434,1
0.291672492696,0.881834532091,0
0.105502801393,0.938249402762,0
-0.555279240368,1.46427094449,0
0.142583909007,-1.28274619993,1
1.68718922652,-0.35916675877,1
-1.50806586626,0.509889578718,0
1.75524671979,0.295261135302,1
-0.250320254195,-0.845123668944,1
-0.731342395515,1.37608078211,0
0.493002924275,-1.65565374562,1
0.23317149475,-1.6478775816,1
1.64249131369,-0.281405326738,1
-1.53350843757,0.325578205698,0
-0.135777730837,-1.17749955603,1
1.61502514957,-0.442204635667,1
-1.23321841262,1.08443623574,0
-1.76309297328,-0.395679128947,0
1.32019277827,-0.768637758823,1
0.352833985802,0.590119067,0
-1.72150152956,-0.184711960248,0
-0.429269577641,-0.21991102099,1
-0.517112694946,-0.485408733579,1
-0.271755205566,-0.843536014219,1
0.486007995597,0.0334020434285,0
-1.33143369113,0.705119322261,0
-0.740660619488,1.46137767407,0
0.514122604041,0.673524011002,0
-0.559550763506,0.520520603742,1
1.41762843581,-0.936836728968,1
1.45207983321,-0.494367400287,1
0.755901104996,-1.46128864934,1
-0.349648647944,1.35529408166,0
-1.64898695505,0.267252248195,0
-0.344195383277,1.62177165062,0
1.76367905757,0.53545642184,1
-1.4807232184,0.616912330411,0
1.65581829743,-0.38903954172,1
-0.473472728037,-0.186212800345,1
-0.153662260861,1.45164669932,0
0.667228886661,-1.43386058622,1
0.87220205063,-1.43135197836,1
-1.66572319203,-0.335050645686,0
-1.8125484008,-0.149433966448,0
-0.43922439336,-0.246495197708,1
-0.53288122894,0.102404734335,1
1.78677586105,-0.188804403839,1
-0.5140615899,1.55838092032,0
-0.553304535261,0.0484134884597,1
-0.641663740077,0.327508744368,1
-0.374884058988,-0.811836853195,1
1.68622158171,0.178309666911,1
0.338008128933,-1.3717222244,1
0.0494125736372,1.09014397844,0
0.612068314728,-0.464877379103,0
-1.57807319836,0.662870401911,0
0.515838746329,-0.559326233224,0
-0.616719007466,-0.0329880336184,1
0.475688179699,0.359808982126,0
-0.122220803668,1.24846693098,0
1.28712717888,-1.06791633806,1
1.61214540912,0.137158129582,1
-0.410509364553,1.32298988463,0
0.384821458799,0.421088684302,0
0.0771370684877,1.09565751053,0
-1.4920109664,0.458097442535,0
-1.1764757075,1.03190573675,0
-0.0408914754062,-1.36717731899,1
0.544912762511,-0.159802248089,0
-0.19642176186,1.48587687908,0
-0.95653378739,1.26502430782,0
0.968614437171,-1.41848874436,1
-0.986002620686,1.36228223364,0
-0.832339370563,1.36127036385,0
-0.337098505129,-0.593724246511,1
-1.79614378752,-0.088509960197,0
-1.5965256806,-0.0231217695056,0
0.26325797219,0.639859147045,0
1.74497603395,0.313294783758,1
0.701986550659,-0.354723788213,0
-1.63919981685,-0.406220296749,0
-0.105867107609,1.34106827181,0
0.468898554173,-0.348251025785,0
1.28031609204,-1.05986841872,1
0.655493934672,-1.6287555069,1
1.54791966909,-0.563576996773,1
-0.259150895114,-0.931539907094,1
0.478167857304,-0.0446764079905,0
1.01897619307,-1.33147772111,1
1.57052405602,0.292590841929,1
-0.589888349684,0.424974055167,1
1.37135221013,-0.865957593346,1
-0.273419972475,-0.992942713725,1
-0.630508639715,1.45408576224,0
0.438591888844,-1.57341430566,1
0.464309238944,-1.49583192587,1
-0.597282503713,-0.42408140859,1
0.239740473596,-1.29381118725,1
-1.41045459743,0.891007599232,0
-0.14670443216,1.33471676496,0
0.493536417847,0.208973898113,0
0.340283635355,-1.57908644906,1
-1.6788295919,-0.144908806623,0
0.271454207573,-1.56693303326,1
-1.54783769623,0.575903697621,0
1.2507236335,-1.0109558121,1
0.433073360313,-1.48303404514,1
0.342553279102,-1.50077555147,1
-1.58029013705,0.0144131830028,0
0.119665564073,-1.18170907944,1
-1.37701392394,0.79621584983,0
-1.15020448752,1.29454161209,0
-0.388631079064,1.47156359051,0
1.73755212516,0.0647538540903,1
1.7041853111,0.264796015155,1
-1.50278255923,0.441914755477,0
1.68543204622,-0.181912107312,1
0.4964609683,-1.58893665183,1
0.500668277556,-0.370654356555,0
-1.44459517292,0.581973174731,0
-1.27131389335,0.936919921041,0
-1.69804673711,-0.188359893944,0
-0.639044535367,1.47890425099,0
1.37511432547,-0.913339243878,1
-1.5102754194,0.693604500431,0
0.563739491665,0.0152911316044,0
0.473932267753,0.257183912073,0
-1.3621409468,1.00517425215,0
0.796413129856,-1.64360633724,1
1.36301577016,-1.03311947867,1
0.63193173604,-1.36793619622,1
-1.57612638865,0.25491453268,0
-1.28158870557,1.13752290509,0
1.3172248715,-0.991169908052,1
0.249966679721,0.945130640848,0
-0.558480722771,0.345807940308,1
-0.427845063368,1.41892597841,0
-1.12635427808,1.33200269562,0
0.652939538618,-0.353055145246,0
-1.46886456514,0.748172565872,0
0.605288255675,-0.389210603143,0
-1.74643681306,-0.241099663443,0
1.72128869881,0.246545357956,1
-0.0177296580946,1.31960107361,0
0.165736617632,0.936466782422,0
-0.286492190914,-0.657796835712,1
0.902034726491,-1.42776078365,1
-1.33389307513,1.0505073152,0
0.170951028241,-1.50276153773,1
0.41406651918,0.464032391835,0
-1.70725024654,0.159794251364,0
0.641151921941,-1.56718637862,1
-1.12953177501,1.5050946298,0
-0.562130435815,1.52854626173,0
1.6364976442,-0.406157117687,1
0.589957982976,-0.737372957841,0
0.428019462527,0.598281276794,0
-1.19679276639,1.30022943875,0
-0.547734270239,-0.410008804278,1
-0.475389214638,1.4447539013,0
0.337949801909,0.836899159806,0
0.350176612769,0.608337104035,0
0.631241743021,-0.107818165971,0
-0.260680152875,-0.926169679652,1
-0.0413546528502,1.37019688256,0
0.578520020057,-1.56836510651,1
-0.272191423073,1.17445655582,0
-0.528119291837,1.29825980624,0
0.0346972124662,-1.17808856307,1
1.55538261347,-0.740243548241,1
1.74027135809,0.181319925274,1
0.524493723279,-0.393103935623,0
-1.68339828837,0.611661292333,0
-1.77041278922,-0.1477547568,0
1.68161733087,0.0597706492,1
0.0522276955502,-1.26276762695,1
1.3990743387,-0.854268604291,1
1.6694265931,-0.116963628406,1
1.25117140709,-1.11709319242,1
0.447150423323,-1.50523629341,1
-0.555197624582,1.4306800135,0
0.585454096125,-0.242556143038,0
0.306133749989,-1.53465084774,1
-0.357966364051,-0.744319503653,1
-0.593908869478,-0.0328489009511,1
0.389345039251,0.249542010856,0
1.69930537137,0.60113595882,1
1.57887063134,-0.828009701796,1
-0.634620835838,-0.0603019798784,1
0.555487204194,-0.236315311,0
1.125769073,-1.24865321757,1
-1.29349999833,1.07052147249,0
0.143011820124,1.08744615542,0
-1.28391690061,1.00044256955,0
1.16314247386,-1.27775705278,1
0.543617639405,-1.32097378845,1
1.34919702192,-1.04341870693,1
1.79548030971,-0.159037986297,1
-0.122776765674,1.5329012144,0
0.129332073328,1.10247782563,0
-1.30155174799,1.32533328505,0
-0.476913401171,-0.497290448993,1
0.192061108677,1.15587361281,0
-0.0976125531527,1.3456766523,0
-1.72938463408,-0.614504208582,0
1.77804889165,0.508800994213,1
0.273867354945,-1.36277236633,1
0.448591142984,0.610837586222,0
-1.48769875639,0.785733771877,0
1.17149964427,-1.33009903128,1
-1.54374090891,0.57912666534,0
-0.696353057984,1.53105539148,0
1.00251631034,-1.60916147137,1
-0.526661834054,0.00626380672258,1
0.359332233619,0.869536297202,0
1.24075883219,-1.03413095591,1
-0.363236125331,1.36968353489,0
0.514687685766,-1.45300139083,1
-0.280419860511,1.44585594769,0
-0.433109353645,1.50482343247,0
0.323058414224,-1.32449451941,1
0.92202094886,-1.42896673511,1
-0.291603858613,1.52106719238,0
0.874115380776,-1.53416339822,1
0.566934325573,-0.200369602754,0
1.07185294275,-1.26334447249,1
-0.381296087826,-0.433091543582,1
0.366815615126,-1.3912468703,1
-0.286728023324,-0.843180678717,1
-0.542825834036,0.403904515737,1
-0.778691695341,1.52062407093,0
0.195811947397,0.979570079483,0
-1.47251624983,0.881172757769,0
1.74510593082,0.19491077243,1
-1.34594428008,0.764911953544,0
0.231133576784,1.05445132771,0
-0.428976431378,1.43999184117,0
-1.28448225859,1.1124292398,0
-1.31060916127,1.07278686551,0
1.31162446114,-1.02179976143,1
0.117467178249,-1.24906089609,1
0.551324061162,-1.58513746107,1
1.65220038109,0.128587208932,1
1.02897468956,-1.11044355521,1
-1.71401163283,-0.0516115332035,0
1.51017120821,-0.71109537044,1
1.33572619574,-1.08945233871,1
-1.16302454458,1.50087499229,0
-1.03488984438,1.17345583223,0
1.15712988297,-1.05008815734,1
-0.918382689038,1.36944905525,0
0.621027691287,-1.66396115367,1
0.110687126007,0.954946363194,0
-1.4836511137,0.925709080828,0
-1.682996308,0.00194803661217,0
-0.590388486846,1.34228904912,0
0.400386305252,0.743490517151,0
0.109975961562,-1.34277725903,1
-1.7021153467,0.426382074258,0
0.796081676028,-1.54772575548,1
1.58847742866,-0.500424198992,1
1.64212609106,-0.258686096545,1
0.524169192056,0.258598589127,0
-0.107905685317,-1.15616240713,1
-0.472779034636,-0.207011073435,1
-0.963509411982,1.27530321078,0
-0.710150989088,1.34403526477,0
-0.119043639261,-1.18038965203,1
-1.63722940324,0.115566531437,0
0.404338463639,0.361420478765,0
-0.126517435389,-1.06461791057,1
1.69597447733,0.202953063404,1
-1.38630000389,0.950838109777,0
1.73314420213,-0.284059023698,1
-0.509766565806,-0.279052373086,1
0.4174076237,0.91440066921,0
-1.43663375964,0.909182237072,0
-0.518690216706,0.00261513520029,1
-1.77836402075,-0.0819410318086,0
1.63457651997,-0.292532629251,1
-0.557496171792,-0.0697650709778,1
-1.04962754516,1.29686501183,0
-0.741380662995,1.39218695251,0
-0.0626939983817,-1.19700166152,1
-1.72484996217,-0.552235710481,0
0.326981311072,0.766588362147,0
-0.495577979126,0.476813681395,1
-0.482578264356,1.57697663764,0
-0.0950857603653,-1.08544949184,1
0.485105426902,-0.287170848496,0
0.210881066394,-1.3770592989,1
1.267737474,-0.784398047105,1
-1.28487681742,1.0309188477,0
-0.646291684924,1.65225436569,0
1.63014540203,-0.370776391103,1
0.0129927379299,-1.10061041899,1
-0.302608344041,-0.89090502394,1
0.728534507193,-1.47195632309,1
0.276562515934,0.809885619523,0
1.48994365452,-0.906214001628,1
1.23607649005,-1.34334774872,1
-0.766283551057,1.37519847579,0
-1.74785012852,-0.0357334467569,0
0.579060193309,-0.187012327702,0
-0.484195398317,-0.33610368057,1
0.593797648202,-0.411783933369,0
1.51685032522,-0.796766721244,1
-1.70516745822,-0.161051486873,0
-1.38555673726,0.939189739262,0
-1.68039319179,0.0212238830696,0
0.761124383101,-1.42893367503,1
-0.568878038852,0.127975112863,1
0.134278334123,-1.47115986926,1
0.414260479344,0.553704142136,0
-1.04193598909,1.23891934759,0
-1.64437232198,-0.26371280402,0
0.400577802352,0.355925884796,0
-0.59445773726,0.271757685877,1
-0.683966170394,0.00250165297881,1
0.831228860503,-1.58284448758,1
0.261708094494,0.787527000882,0
-0.221253376071,-0.866016436192,1
0.716610958064,-1.37221503441,1
-1.60725392296,0.428039180826,0
0.509541481029,0.17507449633,0
-0.495362037369,-0.16716008797,1
0.374390506233,-1.45751494584,1
0.738728581755,-1.50030414181,1
-1.48753722786,0.68226583703,0
1.43278786597,-0.727960785107,1
-0.804756649388,1.48235590658,0
1.52207721068,-0.48428629178,1
-0.48370849738,1.41181567968,0
-1.20471959444,1.06367364376,0
-1.63480320602,0.0459569015876,0
-0.364452578355,1.44627153147,0
-0.241187715584,1.22479628187,0
-0.886976314133,1.43481616647,0
-1.33630102609,0.932853234182,0
1.45543781451,-0.884717924206,1
-1.00516658168,1.23761735792,0
0.0283138283859,-1.30480943381,1
-0.312131295852,1.37082994067,0
0.353566712591,-1.39170149996,1
-0.52839446148,-0.0278629658144,1
0.690953559646,-1.48014876741,1
0.413228493817,0.684872129739,0
0.889881419699,-1.24972599319,1
1.29857704182,-1.15790713808,1
-0.717780847887,0.504526592061,1
-0.42467984661,1.52601846678,0
-0.294537229589,-0.834156493399,1
-0.563333900856,0.634998092047,1
-1.16159586702,1.42269035258,0
-1.25881574965,1.01116190151,0
-0.26598091166,-0.918566584212,1
-0.0930276639092,-1.19508599094,1
-0.35329623541,-0.690669722401,1
-1.62512145708,-0.0316956931396,0
0.436935787839,0.404963381745,0
-0.848125423702,1.45459702028,0
-1.46613906389,0.783070616146,0
-0.0726165307358,-1.0506796085,1
-1.62354043722,0.329720445955,0
1.36500400173,-1.07082919377,1
-0.362290677131,1.44362810751,0
0.637259298128,-0.147335749375,0
0.224981824181,0.926340755875,0
-0.245474740327,1.37284902132,0
0.176796494904,0.776212298164,0
1.52566424137,-0.878083969318,1
0.33512042298,-1.53466277704,1
-0.164821971838,-1.01890116446,1
-0.46350151761,-0.128001300464,1
-0.0272242077575,-1.05957496588,1
-0.309214697713,1.51890957371,0
1.49270847614,-0.742184067418,1
0.34754960665,0.635497365647,0
0.515522558946,-0.0211709121588,0
0.159625535997,-1.2446417365,1
-0.224611614013,-1.13253111421,1
-0.577426459374,0.403289434164,1
1.51039429748,0.208338140912,1
0.592120478502,-0.0262281954321,0
-1.495242224,0.421313314735,0
0.290490730204,-1.34373386963,1
-0.29027786435,-0.86438406046,1
-0.434447213816,0.0141205594298,1
-0.343578009811,-0.856523407422,1
-1.539861037,0.842416700473,0
0.32751040158,0.833727623774,0
-0.596126425697,0.238891009668,1
-0.070959849017,-1.20571490362,1
-0.800278924789,1.65362353625,0
-0.505775457794,0.0534531609033,1
-1.62795680963,0.359376305716,0
1.10429516222,-1.0912242508,1
-0.494421978195,1.66217816677,0
-1.12567333881,1.37484958852,0
1.4590158281,-0.962828682445,1
0.107118163269,1.1810393235,0
0.519675318606,0.339150240291,0
-0.433297888652,1.53343093395,0
0.143864279949,-1.35597919814,1
0.972708051054,-1.44454322876,1
0.174497358205,0.899689709488,0
0.397352378444,-1.3593397162,1
-0.264743079084,1.16653620703,0
-0.718039421714,1.70640284364,0
1.38581495952,-0.872820088522,1
0.992973681233,-1.33784173643,1
0.649139703874,0.136335066362,0
1.57859004293,-0.0344695690047,1
0.219426283057,-1.22581785338,1
-1.13358706065,1.26990434172,0
-0.608712632788,0.300341078457,1
-1.6339240824,0.438482266908,0
0.707375748982,-1.51354353349,1
1.32865766721,-0.948944057337,1
1.59092738074,0.0555011683277,1
0.467671494801,0.326675825336,0
-1.3021155988,1.0752498316,0
0.555716906904,-0.159523488382,0
-0.0979772607384,1.33605998399,0
-0.600873136923,1.3453066608,0
0.447892336931,-1.38619456724,1
-0.622917134206,-0.214232037268,1
-1.61146909465,0.336106893485,0
-1.15898069191,1.27809001808,0
0.694846347909,-1.49777105192,1
-0.415854175005,1.46988307697,0
0.890442499074,-1.39616151881,1
0.529193790936,-0.0386433319057,0
0.982139674187,-1.44618936067,1
0.314838464461,0.825227456704,0
1.52977012804,-0.653080797353,1
-0.462540055922,-0.477824443405,1
1.47441655713,-0.502929669243,1
-0.333697961762,1.55025852286,0
0.266842721952,-1.44275238566,1
0.729398023931,-1.4576322256,1
-0.473714076209,1.35453049,0
1.36170907942,-0.760023024935,1
1.46759620567,-0.641598440147,1
-1.05579880439,1.38407507458,0
-1.65929927477,0.302313981082,0
0.649630402415,0.0309524745516,0
1.64431093229,0.0452609403897,1
1.28886521853,-1.15494863743,1
0.493782859498,-1.47560147535,1
-1.72384828442,0.0869099984561,0
1.11452379269,-1.36635790116,1
-0.40748933157,1.46329474848,0
1.57172923798,-0.69045735111,1
-0.213849460373,1.43255678486,0
-0.593219476589,0.242117356494,1
1.5149939704,-0.296739310097,1
-1.38576802639,1.16326993622,0
-0.828111777856,1.62188312683,0
1.55266316268,-0.64319147799,1
1.32446436693,-1.37240118111,1
1.68685254372,-0.313597166002,1
-0.844432591719,1.33148651118,0
-0.868127790755,1.57697684299,0
0.515663255229,0.216683270736,0
-1.14652959093,1.05814729994,0
-0.58711700595,-0.315723165289,1
-0.420653260957,-0.677400762569,1
-0.131576727524,-0.945010043002,1
-0.405864028586,1.34751583847,0
-1.21238080755,1.13240640285,0
1.6333190112,0.0976502289613,1
0.85179733964,-1.49148466274,1
0.353399348432,0.629355118176,0
0.0727824008871,1.20855202646,0
1.80375214419,0.655048865492,1
-0.816391510262,1.38579304997,0
0.0999456495142,-1.399563655,1
-0.329301847474,-0.879091773338,1
-0.545222991933,0.333850341394,1
0.448256610868,-1.51655153273,1
1.8172873976,0.279698281854,1
-0.44853380425,-0.652963383204,1
-1.38463789368,0.814881513657,0
-0.445854167499,1.50406748092,0
0.54262753763,0.315752540966,0
-1.77013611735,0.226828069033,0
-1.69659447975,-0.0176924032035,0
0.0842277134537,-1.41455974865,1
1.18744549676,-1.33062176719,1
0.0160299848611,1.00597177955,0
0.00294773758871,1.2509612663,0
-0.685210872615,0.518698581393,1
-1.58523528471,-0.00790754643688,0
1.22252447182,-1.04390283986,1
-0.261326352803,-1.03479500257,1
-1.17321783203,1.3005769326,0
-0.0130030391297,1.2794498447,0
1.50010281171,-0.919240600498,1
-1.75413311181,-0.345317272694,0
0.313240954464,0.712408179374,0
0.23624740439,0.702421991143,0
-1.80895958553,-0.356822031298,0
0.450176266347,-1.56950389686,1
0.499533891726,-1.43241851367,1
1.62098446193,-0.449614753063,1
-0.957333713049,1.54982489739,0
-0.630122247242,-0.117202850489,1
1.63422044129,-0.524532851907,1
0.532798018426,0.396398085134,0
0.352703457462,0.149684957051,0
0.956429433182,-1.45143464015,1
-0.361817074351,-0.60371688257,1
-0.708090612874,1.38225438932,0
0.312817366431,-1.45217118924,1
0.540517849403,0.410924285415,0
0.492403173206,-1.5976844674,1
0.0486085499287,1.11460306822,0
-1.22513087631,1.25723057688,0
1.79512918204,0.250927927071,1
-0.413841921134,-0.741920703712,1
0.126035355672,1.28892067452,0
0.489788526198,0.505620919388,0
-1.00053431014,1.4308355096,0
1.13485224105,-1.02670201077,1
1.38386810531,-0.776482657567,1
-0.5706383165,0.305393252257,1
-1.47217123355,0.797865936606,0
1.49188290719,-0.700491495182,1
0.659634433607,-0.0931720821366,0
0.090222068999,-1.25333700808,1
-0.351201416713,1.47229657967,0
-1.560519542,0.813150491042,0
-1.75287194615,-0.539075950099,0
-0.658994536657,1.64574297874,0
-1.15423008079,1.09139141544,0
-1.68792937722,0.00821390679524,0
0.53559476682,0.206516377096,0
-1.53456800482,0.791030664275,0
-0.0966749304896,-1.08555183498,1
1.13358376145,-1.32603664227,1
-0.298241227533,1.58425727442,0
0.449670347238,0.676261988953,0
1.70273568695,-0.104055494607,1
-1.72055635985,-0.214339307505,0
-0.00860678497685,1.2480574847,0
1.66405670137,0.145695947941,1
0.0627429329769,1.45580868475,0
1.44053354085,-0.932044977732,1
0.366368390152,0.869188920971,0
0.606056914181,0.121565661365,0
-1.77555401114,-0.374927429504,0
0.493615463997,0.0305696039252,0
0.640623646948,-0.50486811503,0
1.28857749766,-0.868736354093,1
1.57234716306,-0.492027355819,1
-1.46827603847,0.689420949088,0
-1.47199390137,0.951706092436,0
-0.880978098556,1.3294922115,0
-0.583097932195,-0.0765770811028,1
1.49389184585,-0.662765141177,1
-0.522344018176,1.59124062081,0
-0.254576175631,-1.24667595406,1
0.641557854103,-0.498830480858,0
-1.52867775254,0.456837530696,0
1.45440078901,-0.790860240583,1
-0.340926085611,1.57969581038,0
0.0907520238829,-1.42308253441,1
-0.983009200122,1.28938310057,0
0.551687726232,-1.52474520366,1
-0.224290646745,1.24995341174,0
1.69190438301,0.39709889278,1
-1.66759537566,0.510334605388,0
0.287558222386,-1.37410685609,1
-0.769005753478,1.37932626611,0
-1.64581973412,0.304074026224,0
1.69351923974,-0.0192676734704,1
-0.414514857226,-0.453457440915,1
-1.63207202285,0.329185775178,0
-0.0975354220344,1.34614338887,0
0.734829276181,-1.62732160651,1
0.222864385673,0.86769892286,0
1.37334131375,-0.743117683176,1
0.457376880879,0.222576729244,0
-1.60607575997,-0.275482515958,0
0.122822932604,1.16362671043,0
-0.572143051431,-0.425033010541,1
-1.4842946361,0.620398101652,0
0.594197714038,-0.633547429681,0
-1.87393061337,-0.438034644272,0
-0.472050011618,-0.766487023694,1
-1.73697765976,0.113346124402,0
0.412753157712,0.475752728729,0
-0.394693585631,-0.414221320659,1
1.77453343873,0.573087990835,1
0.487305460093,0.466697942142,0
0.604292291871,-1.43124701444,1
1.06374822635,-1.23709877861,1
-0.485836840094,-0.517974174194,1
0.307105525973,-1.31889256694,1
1.44680922878,-0.651240389744,1
0.149135316579,1.19528867546,0
1.57362073607,-0.696318962028,1
0.389610123434,0.654331347866,0
0.410891263409,0.251526957158,0
1.70671332372,0.0936781508482,1
-1.14480393277,1.25850812309,0
0.764591174856,-1.51233137064,1
0.372460348322,0.765501603187,0
1.23712702354,-1.15823677055,1
0.0457865048158,1.33496902133,0
-0.441889505525,-0.850169054365,1
1.59814646773,-0.328561339964,1
-0.00897963680074,1.16769775741,0
0.850387639651,-1.58621029535,1
0.51732325709,0.127971211138,0
-1.72829563265,-0.351036492394,0
-0.502065830748,-0.513552023983,1
-0.619598249588,-0.0872223874065,1
1.39876330877,-0.912062613989,1
-1.47118438228,0.608908955459,0
0.0352069751365,-1.06728199182,1
1.74245262494,0.481077306839,1
-0.546358433401,1.63711851505,0
1.55798091327,-0.269479552233,1
0.442749963772,0.694040377467,0
1.60880928749,0.00735970008831,1
0.360584724678,0.51526281232,0
0.948788565905,-1.48842764102,1
-0.299918265272,1.33423034144,0
-0.389677314816,1.41552179734,0
-1.3979988488,0.998509241643,0
0.691829329941,-1.47520665498,1
0.941236359118,-1.39048840796,1
0.158985428002,-1.4170119323,1
0.241892464568,-1.50046820086,1
0.602764646606,-0.168607631787,0
-0.212970259563,1.46224875608,0
0.30986579756,0.798836373972,0
-0.913058444713,1.33039409347,0
0.416004670506,-0.130213958624,0
-1.48384911472,0.946641469059,0
-1.34362420778,1.04280760789,0
0.169944735973,-1.36611278477,1
1.35141898457,-0.961246531154,1
1.12508603548,-1.25574366755,1
-1.54645863447,0.182291166246,0
-0.65002621541,1.51881951762,0
-0.501982209297,-0.451543255659,1
1.09203427525,-1.31623620112,1
1.19043188311,-1.11502934579,1
-0.234371324861,1.48986825672,0
1.01519779737,-1.51001674832,1
-0.924384730283,1.38887915634,0
-1.14379712706,1.22383253354,0
-1.72692481453,0.170731026462,0
-1.53230488775,0.941424159422,0
-1.70466955882,-0.193307307889,0
-0.124586529688,-1.2520868704,1
0.691221572019,-1.63374604181,1
-0.892692279259,1.47949350531,0
-0.0138886298137,-1.3396139649,1
-1.01111253499,1.15905212717,0
-0.00306837655819,-1.10977709567,1
1.17008467761,-1.11824131058,1
-0.544603556077,1.53734956059,0
-0.689165286817,1.54859330018,0
0.617844194011,-1.41301277403,1
0.337257594959,0.961621429528,0
-1.33346809607,0.649179186451,0
-0.206653367358,-0.971421245977,1
0.380433873099,0.632757909596,0
-0.553494647436,0.383705838218,1
1.27525670665,-0.917940076175,1
-0.0169033290998,-1.04403159533,1
0.938394926334,-1.42579816451,1
0.0859040229428,1.00591801622,0
-0.566307682251,-0.00872436334226,1
1.16392313193,-1.17029065442,1
-0.410736188858,-0.542106066646,1
-0.562885406201,-0.061544116471,1
-0.484045226467,0.0217594533214,1
0.262685220154,-1.37316894163,1
-1.18529866753,1.07058821616,0
-0.937913118642,1.55448107903,0
-1.55391994413,0.449567457358,0
-0.830628186838,1.68698000002,0
-1.71272931075,-0.0437595579652,0
0.312582580513,0.806892444083,0
0.521248903045,-0.484343720326,0
-1.56189842259,0.551670746537,0
0.610512517615,-1.41804495944,1
1.06531386764,-1.46157625427,1
1.50007981025,-0.642046757994,1
1.43441242648,-1.25046022628,1
-0.625413627755,0.306857999384,1
0.259622885992,-1.81797587115,1
1.63907132614,-0.585661340138,1
0.597456051791,-1.40674328868,1
0.305787756166,0.73862749425,0
0.496747504105,0.504590977246,0
-0.0265634751656,1.34676814502,0
-0.190295349606,1.30418866549,0
1.40248448972,-0.979150997092,1
0.463940905961,-0.0482072098465,0
-0.995232961365,1.37264923242,0
-0.327709323227,-0.499205504768,1
-0.469085878769,-0.0140793122879,1
0.453746188644,0.280649959601,0
-1.13216455042,1.33523941746,0
1.75051402754,-0.362898723174,1
-1.51384514318,0.38419711606,0
-1.2822986689,1.12573421784,0
0.302521335542,0.337589425308,0
1.07749525206,-1.1865460422,1
-1.54621065103,0.817844415561,0
-1.78336036002,-0.396518485361,0
-0.600523745462,0.0574392815012,1
-1.13988283594,1.30052360014,0
1.57661745405,-0.384812186646,1
-0.209044482767,-0.962431081042,1
-0.46514617292,1.58618762258,0
0.543817080852,-0.44518427044,0
0.397046317349,-1.71986109632,1
1.79526762354,0.169037552899,1
1.19924473914,-1.13211756863,1
0.428181164564,-1.72494266695,1
-0.111269095532,-0.970957677864,1
1.48172655272,-0.760773526484,1
-0.525175713348,0.0777902592206,1
0.605809300654,-0.125150113149,0
0.0224445171752,-1.17431290879,1
-1.61486130431,0.202005801883,0
0.596752097417,-0.291618375564,0
1.73416762321,0.0757218926909,1
0.702384130018,-1.44331871912,1
1.00683354894,-1.39237476848,1
-1.84386978367,-0.366540524028,0
-0.598886629173,0.299820172349,1
-0.831515777964,1.38850029621,0
0.492328396133,0.585282369809,0
-0.833964599946,1.34090706755,0
0.504814194914,-0.364793498146,0
-0.191435994494,1.41383411639,0
1.06040896254,-1.2304450763,1
1.65162042685,-0.496413514607,1
1.52774996014,-0.816405223488,1
-1.41161934005,0.906383833234,0
0.787519006794,-1.50603251866,1
0.553483169682,0.0548308262533,0
0.28556079667,0.728375225267,0
-1.58927804097,0.392794170463,0
0.526877055628,-1.50357016121,1
0.0484421483387,1.28563650243,0
-0.587943326424,0.170124932898,1
1.78620291113,0.123255724153,1
-0.537712665005,1.49419346952,0
0.939490470317,-1.18678504755,1
1.53007024485,-0.394390950199,1
-0.557907585676,-0.0886240921438,1
-0.205323086994,1.44401680028,0
1.68228648731,-0.419218999876,1
1.78825442789,0.380063537648,1
0.847374117224,-1.56880920709,1
-1.73511234946,-0.233862846815,0
-0.590854141635,0.0908255793937,1
-1.6123246056,0.274187544339,0
-0.503401208495,-0.510961581956,1
0.276108945551,-1.37033993617,1
-1.66439938892,-0.500703519845,0
-0.94330110371,1.50063526433,0
-1.51862462008,0.589370962539,0
-0.235071166387,1.34213279916,0
-0.300858645639,-0.567536606847,1
-0.613187803174,1.5297900674,0
1.60263289111,-0.604472891547,1
-0.495541926433,1.61030518209,0
-1.51768284605,0.582612395677,0
1.16076617233,-1.2899172907,1
0.421182093596,0.642454212862,0
0.890737667204,-1.31844938922,1
0.382546629894,0.739246949003,0
1.35725190226,-1.12385023367,1
1.57167131276,-0.536679850271,1
-1.70855946409,-0.0644018601486,0
1.04829075561,-1.39407099835,1
0.0660367557026,-1.23684883067,1
1.20115861469,-1.09674594077,1
-0.258364320002,1.35100506698,0
0.392076958021,-1.64579924355,1
0.110036508709,-1.3456305509,1
-1.56562723004,0.561337873116,0
0.437081055544,0.38874902597,0
-1.83024236468,-0.154202810012,0
1.65265662954,-0.311959232238,1
0.346469616189,-1.50371361151,1
-1.68432497724,0.00795041009431,0
-0.0521897604992,-1.03403018805,1
1.43633295197,-0.586342882609,1
0.594332576308,0.309686395216,0
-0.478266207872,-0.549043373521,1
1.0663788557,-1.36441421304,1
-0.633651318286,0.0886399938862,1
-0.240784926811,-0.952566451496,1
0.637998875763,-1.46559693445,1
-1.68789667604,0.00216416667149,0
-1.16885470756,1.35418566992,0
-1.17541188164,1.10638749465,0
1.40281283883,-0.905300089711,1
1.01890486721,-1.26787886994,1
1.63058168487,-0.33371396688,1
-0.731709702859,1.61909518211,0
-1.70754114211,-0.472401234429,0
0.62688668374,-1.58321074832,1
0.308725907154,-1.5127828477,1
-1.56411182519,0.377710798134,0
-1.73584095742,-0.191146040528,0
-0.0657934090016,-1.18161914405,1
-1.31639301929,0.93488317078,0
-0.397734290417,-0.38799937915,1
1.58413923635,-0.144913858341,1
0.873625150452,-1.52867289403,1
0.395695847497,-1.58455555494,1
-1.67925941794,-0.173148139342,0
-1.59450135666,0.293645102185,0
-0.895115734734,1.48694897135,0
-0.607088167191,0.369921917623,1
-1.61098676478,0.233325700463,0
-1.69053832931,-0.344246576256,0
-1.78731280756,-0.184592182575,0
-0.0112600627078,1.32497089673,0
-0.235376538148,-1.17946525144,1
-0.913756690007,1.38866423582,0
-1.68390163511,-0.451764721545,0
0.452498433977,0.449003513423,0
-1.43108410059,0.73494361374,0
-0.898663158833,1.39133564576,0
0.0773859976738,-1.36821861228,1
-0.402183467764,1.24291908877,0
0.851130186397,-1.49503245674,1
1.18823560583,-1.02682633971,1
-1.65445107643,0.0682472614903,0
-1.41836797411,0.885646598,0
1.65974756713,0.453640951048,1
-1.66118745493,0.159676131492,0
-0.24402601813,1.50091121834,0
-0.0537261014743,-1.26968337796,1
-0.747616643002,1.45487314796,0
0.613698366351,0.172699433306,0
-0.389670301617,-0.86605602443,1
0.0283622007834,1.2696042452,0
0.122420931671,-1.37964604087,1
1.61702169266,-0.3433225561,1
1.05064744688,-1.31465722641,1
-0.476083893925,-0.501102155089,1
-0.704674225603,0.757030248434,1
-1.67946593957,-0.440797317725,0
-0.268960050186,1.26348040067,0
-0.955695012115,1.36731826724,0
0.358407427065,0.711297938968,0
0.53694682055,-1.44735379132,1
0.594005330542,-1.57225019535,1
-0.600552871152,0.321402888339,1
-1.29958598403,0.974964225327,0
-1.57197573427,0.679748938207,0
0.0372573072919,1.20339261446,0
-0.151234588647,-0.989176320209,1
0.70521180665,-1.52525262442,1
0.577359049023,-0.0708997247508,0
-0.218639414502,-0.869779855406,1
1.69436468261,-0.0269713109347,1
1.74659406691,0.475553499186,1
-1.34585656647,1.10821599811,0
-1.83221111278,-0.222572692404,0
1.11187711559,-1.28984016935,1
1.783629999,0.205861920065,1
0.360255247832,0.254341857128,0
0.569145357503,0.301527741867,0
1.57508112969,-0.621965778019,1
-1.2839221371,1.07327698561,0
-1.14418739643,1.35893589552,0
-1.38553138729,0.916340812676,0
0.384397777202,0.687916067133,0
-0.0918583913616,1.37096337228,0
-0.504736081449,-0.566768106985,1
-0.446466216914,-0.571998107685,1
-1.16081217641,0.946193537276,0
-0.632474887943,0.425658529752,1
-1.82499829931,0.0624152263119,0
-0.253615873719,1.46608762209,0
-0.962656312725,1.52612309874,0
-0.415690490203,-0.581524084995,1
-1.54902222492,0.647561017744,0
-0.519296267048,-0.0778404783325,1
1.72747726828,0.372778370141,1
1.1812978313,-1.1323259861,1
-1.55719683386,0.890520505236,0
-0.215663401262,-0.782412503737,1
0.121435722219,-1.34121240522,1
-0.60080286805,1.43027975278,0
0.56549494214,-1.55387530877,1
-0.508458944624,0.0063924177384,1
1.66855348538,-0.362567143276,1
-0.21245465467,-1.11498866358,1
-1.77695807034,-0.416656269456,0
0.699558357942,-1.38239004931,1
-0.818769419055,1.38843951467,0
0.501382387951,0.130514558452,0
1.68766212457,-0.0417793213307,1
0.256041393331,0.845575277859,0
-0.40703881586,-0.608037116621,1
-0.969429658671,1.38108355004,0
1.74211320948,0.396891641474,1
0.547193668446,0.127751044248,0
-0.231130270595,-0.795784789689,1
0.525916498894,0.148019297958,0
-1.04613465558,1.4342299287,0
0.280396088712,0.864624502279,0
1.43347902249,-0.871283156302,1
-0.212780715762,-0.783686983782,1
-0.681367645786,1.42949860039,0
-1.38462840767,1.04372509182,0
0.39123715426,0.300763214763,0
-1.77498430984,0.130485768512,0
1.55133185712,-0.660669258819,1
-0.105687148348,-1.15378293438,1
1.70211716287,0.0669473597114,1
-0.18666348047,-1.17947356996,1
0.0999833060419,-1.24919629828,1
-0.0770143441043,1.35543105011,0
-1.58887965962,0.189732611427,0
-0.591927146013,0.125490062442,1
0.00503467955207,-0.988968155588,1
-1.04510947716,1.33491440869,0
0.48022432654,0.388135539744,0
-1.05801254326,1.30847979889,0
0.705313186784,-1.41777140936,1
0.504640338428,-1.56895998756,1
0.386747984255,0.751285795575,0
-1.55575136321,0.24988685644,0
-1.62970293101,0.255535628839,0
-0.649355670902,0.153701090405,1
0.184764830843,0.91932324491,0
0.963542758015,-1.4095432428,1
-0.10252429092,-1.13106733578,1
-0.762195486686,1.50417806462,0
-0.317677529864,-0.906749132017,1
-1.23241903393,1.16873851661,0
0.613934587518,-0.245252009482,0
-0.32532976069,-0.512511746678,1
-0.273952493025,-1.08177536683,1
-0.519129555615,1.47669994468,0
-0.869043147218,1.49681826917,0
0.460102741271,-0.412069680561,0
0.656958002792,-0.252566556157,0
-0.068184290764,-1.08032816714,1
-0.417932206775,-0.10757776158,1
0.715660341278,-1.4674014424,1
-1.69669894023,0.178219043343,0
-0.513482256873,-0.0405212105639,1
0.878712004491,-1.48595522717,1
1.54362192831,-0.669745325449,1
1.7893076617,0.354554592192,1
1.65070436346,0.320314053108,1
-0.222495403582,1.40884084638,0
-0.662139004622,1.39456630724,0
1.61228505611,-0.106663475238,1
0.555066926765,0.171337612226,0
-1.63723851811,0.218936778788,0
0.66161869016,0.0561568030227,0
-0.532200105861,0.200169333039,1
0.856218143945,-1.41124514079,1
-0.262922491204,1.51996180415,0
-1.67637437255,-0.550996773147,0
-0.115762172626,1.20447290042,0
1.61991591921,-0.0316904291001,1
0.402829899313,0.481688250123,0
-1.67879234342,0.0983473009476,0
-0.0949107210516,1.28514010927,0
1.65331726871,0.11110491759,1
-0.0227297175979,-1.09950622358,1
-0.535038487618,0.218958379047,1
-1.77212575801,-0.0808225336392,0
-0.339056766712,-0.648869795373,1
-0.355735763388,-0.430030606647,1
0.168467718531,1.10743668585,0
-1.29892947206,0.934367249598,0
0.268824676393,0.832651212628,0
-1.25569642548,1.05509444034,0
-0.246840511114,1.42630414157,0
0.34645778711,-1.44800478148,1
-0.576404590439,1.57275940842,0
-0.0508827628275,1.29238189713,0
0.63681017273,-1.46339410687,1
0.837734693307,-1.36333627888,1
-1.0731285611,1.35687918359,0
1.53236366807,0.00787318701851,1
0.512709711748,-0.120339897901,0
-1.16306613497,1.17016797726,0
-1.64757725494,-0.181080142803,0
-1.63821061214,0.157899322103,0
0.240276120075,0.98368011565,0
-1.28179331802,1.03750920795,0
0.87432915255,-1.45319422918,1
0.492606990165,-1.51023810055,1
-0.201113335262,1.31206660184,0
0.428637658047,0.406851263847,0
-0.638129098251,0.343214950697,1
-0.412487706926,1.52835074916,0
0.377596476642,0.928903176946,0
1.74815020921,0.452739523841,1
0.495404246283,-1.42604037521,1
1.77747343295,0.599111091456,1
1.61546851703,-0.177089746663,1
-1.64715006544,0.314278415221,0
-0.022485525017,-1.21417212631,1
1.71017347408,0.192748571878,1
-0.554986812242,0.469685725698,1
1.31369149783,-1.09113506718,1
1.65079014591,-0.36157611092,1
0.00277898858932,-1.07271039941,1
1.6380838026,-0.329282210891,1
0.890267638708,-1.50999432908,1
-0.782617052381,1.61025456902,0
-0.053317918413,1.17506276372,0
0.088934592254,1.3435051047,0
0.483268357618,-0.4037972822,0
1.33850395175,-1.05847945998,1
0.504742328168,0.120704109982,0
-0.0769804360364,1.47201430362,0
0.360583762558,0.855578941803,0
1.49505543401,-0.959928874225,1
1.55750742907,-0.467101019207,1
-0.901492833795,1.3585463434,0
-0.957828791938,1.29996507064,0
0.227689190528,0.850852608662,0
-1.24913633713,1.01232639473,0
1.0495832094,-1.48574203725,1
-0.24384438417,1.31258030272,0
1.74338729921,0.279769838383,1
1.61724303387,0.257058488195,1
-0.801841992715,1.57495121068,0
1.63496486623,0.165307308311,1
-1.16424214601,1.33787623073,0
-0.285918997125,-0.75142178564,1
-0.0863993489613,-1.07036728598,1
-1.52845235687,0.775489345274,0
0.25778115517,0.970114524294,0
-0.212868776872,1.34286383708,0
-0.804182190424,1.21072532944,0
1.04204876775,-1.3172473583,1
-0.38013537172,1.62655495377,0
1.56877244258,-0.465016025942,1
-1.58350304927,0.731541513412,0
-1.07271938457,1.26117570482,0
-1.12041547074,1.42368178384,0
-0.581631658029,0.486736746031,1
-1.47294333396,1.08723816321,0
-0.503246088079,-0.0572366711511,1
1.09559440021,-1.15328094625,1
1.10432896991,-1.15763219095,1
-1.17600171545,1.22279880447,0
0.760838528041,-1.51604198369,1
-0.338285490738,-0.673482481728,1
-0.0535071814983,1.12247779468,0
0.153026772804,1.17443138142,0
-0.543584502913,0.310049825695,1
0.583186421711,-0.628553496109,0
0.776177203618,-1.31863592777,1
1.05572928675,-1.23246267354,1
-1.4456274452,0.793617375096,0
-1.63689777466,-0.29653563007,0
-0.207645042005,1.4248714342,0
-1.40679470738,0.760559434988,0
0.0691131498941,-1.34277015459,1
0.755161531607,-1.48593441595,1
1.58430169809,-0.130366472714,1
-0.425637497565,1.55921402922,0
0.479844751595,-1.4201622023,1
0.536705009328,-0.409970472837,0
1.3367120592,-1.08910598502,1
0.644309568072,-1.57661452681,1
0.922513908888,-1.46583985271,1
0.590024072431,-0.406298341428,0
1.65492132612,-0.0932547585068,1
0.170364219559,-1.51677984343,1
-0.348447535964,-0.770822826031,1
0.310167585123,0.753396058055,0
-0.884916850658,1.34060320177,0
0.473255431212,-1.54488768039,1
1.17265942343,-1.13687446852,1
-1.60779506469,0.0347075741472,0
0.668790063903,-1.45431332286,1
0.369073270581,0.530501845903,0
-1.66483947383,0.00806402102198,0
-0.434396244885,-0.401889009439,1
1.48404539031,-0.787583656651,1
0.292136531826,0.531766726953,0
-0.367170488785,-0.493849150883,1
-1.51180062453,0.652639211497,0
-0.84401034236,1.4145657211,0
-0.0871554057206,-1.12334312794,1
-1.4514305,0.918142472497,0
1.44371018364,-0.826639499856,1
-0.62997018334,1.79428432418,0
-0.455606973789,-0.639546337923,1
1.4022155581,-0.805307755767,1
-0.503550961856,-0.715566087576,1
-1.61114001638,0.300097222633,0
0.787729889289,-1.53595410048,1
1.61605897549,-0.195473836375,1
-0.694021155024,1.51793353387,0
-0.22953212069,-1.12570941286,1
-0.278844395138,1.44454040853,0
0.702889687896,-0.0934101580714,0
0.312392955058,0.638114914768,0
0.5013259193,-0.385439805356,0
0.541303928231,0.0627212613323,0
1.33071307352,-1.00197808498,1
-0.538031159327,-0.164608823332,1
-0.517242745884,0.305944218388,1
1.26881777833,-1.19435643785,1
-1.67872177756,0.174218847504,0
0.409722928061,-1.52977017454,1
1.43820121855,-0.896614113256,1
0.17801612028,1.09291087396,0
1.03025890895,-1.3741104507,1
1.75965107646,0.308381922913,1
0.0954030171306,1.12469325569,0
0.461914840672,-0.00777568959164,0
-0.3177642636,-0.548823312271,1
1.62902865862,-0.349013750013,1
-1.6580190453,0.702676882096,0
0.155769172307,-1.27647098392,1
0.790536758738,-1.28096629526,1
-0.228243633813,-1.30395482482,1
-0.503627249768,-0.126714142212,1
-0.0693465462697,1.12272812541,0
-0.443925295544,-0.332009519107,1
-0.131655028442,1.35535901292,0
0.158275054194,-1.2567431094,1
-0.258973711943,-0.914743643089,1
1.69716509205,-0.250028145856,1
-0.416665576539,-0.320780922836,1
-0.62608169126,1.64063198525,0
0.0537060646986,1.26351061259,0
0.403290392339,0.321634532798,0
-0.327482835539,-0.305758000459,1
0.471494525112,-1.4660328614,1
-0.00498891218395,1.39018201471,0
-1.44191177832,0.731794918708,0
0.138402795351,-1.162281791,1
-1.53507280146,0.582418933628,0
1.59948130656,-0.836644287118,1
1.61578632598,-0.140769361839,1
-1.009576214,1.40578181574,0
-0.181829033652,1.43966241054,0
-0.659491802552,0.293924765878,1
-0.550751527078,0.0897674721652,1
-1.31569356117,0.935729234172,0
1.65663926831,-0.0407517467642,1
1.04463260663,-1.31108365384,1
-0.295245466066,-0.98481543943,1
0.629869430964,-1.42453661699,1
-0.348991643806,1.48898741301,0
-1.35699660724,0.996033669627,0
1.12997105369,-1.21240758184,1
1.14767265556,-1.34524791495,1
0.147436273812,1.14587211536,0
-1.54989586988,-0.0229500615272,0
-0.371504729974,-0.190629165315,1
1.29473475443,-0.961745815882,1
-0.545793300697,0.0255864955932,1
0.273383079713,-1.5342585214,1
1.45170415049,-0.837959069419,1
0.568468168092,0.0923828340241,0
0.581690364233,-0.403996776097,0
-0.95512387409,1.16460641072,0
1.68236013538,0.137810512422,1
1.63328082759,-0.346606467052,1
1.47479681059,-0.634114854417,1
1.67908462743,0.33487387977,1
-1.54184966797,0.60239365496,0
-0.934904284712,1.45108769977,0
-0.513038530316,1.61916926794,0
1.65883938596,-0.44685213002,1
0.3078796574,0.613933926079,0
0.570533920075,-0.369006577432,0
-0.486799199132,0.173674185691,1
-1.30147242143,1.12421601581,0
-1.09107169014,1.09934625716,0
-1.06241213136,1.34938242103,0
-0.345246272497,-1.07792763508,1
-1.82236379976,-0.244483147937,0
0.498626946056,0.276712795006,0
1.49334339705,-0.900825130639,1
0.333446857854,0.498080076657,0
-0.296729002348,1.31941265083,0
-0.218686795359,-0.871830748361,1
1.03043188563,-1.40413282373,1
-1.34535113623,0.962666208266,0
0.458670381615,-0.0115793892044,0
-0.483696554989,-0.254782936587,1
0.468316960954,0.15629340798,0
-0.0291831664166,1.22649379671,0
1.57896916422,-0.538986050556,1
-1.07432411767,1.12457902005,0
1.6244872472,-0.446183266009,1
0.0539356368697,-1.23136894503,1
-0.528225393744,0.240066730135,1
