-1.21167877828,-1.24688570347,0
1.66358489719,0.343009416357,0
0.979093166857,-0.0095821396376,1
1.55889486119,0.670994751611,0
0.777461103722,-0.525246093607,1
-0.958449000576,-0.290810338003,1
1.6709033489,-0.123773121565,0
0.284014968249,1.7362106408,0
-1.09296194899,1.34327459886,0
0.755331882846,-0.477734036983,1
0.308896029778,-0.817516982398,1
-0.391898870393,-0.711219629754,1
0.171268003749,-0.926896624338,1
-0.187095254341,1.68380984005,0
1.72834460252,-0.309942756052,0
1.34702517321,-1.10910644323,0
-0.0790292424356,-0.94901675904,1
0.76841780481,-0.633196271331,1
-1.8366117288,0.278591410439,0
-0.408732111497,0.684400091811,1
0.127764466155,1.767620092,0
1.17116377327,-1.45053343144,0
1.35461456426,1.12572630107,0
-1.54871353429,-0.88802906254,0
-0.929474615141,0.130104537628,1
0.705074652684,0.396839209602,1
-0.858203386175,-0.175220033509,1
-0.32953634051,-1.64518323896,0
0.181071084341,0.938379870558,1
-0.251640279292,-0.749108015421,1
0.545199741424,-0.545088441826,1
-1.51942381506,0.898829848653,0
-0.931079862915,-0.0175745765676,1
0.281187579695,0.935900171112,1
-0.776110453464,0.0438852223386,1
0.565019653834,-0.70349587961,1
-1.07875589642,-1.20486374627,0
0.215595242088,-1.73080562101,0
-1.25002076415,-1.24936498092,0
-1.48289379093,0.687916378068,0
-0.804598038949,-0.507927395486,1
0.61214563367,-0.812422672243,1
0.949656172068,0.0573037359415,1
1.31886016792,-1.1739782766,0
-1.09994738086,1.37377964136,0
-0.677071976986,-1.59390021084,0
-0.838813976395,0.305908183351,1
1.67980377194,-0.615185189888,0
0.500798312935,0.56990487148,1
-0.671196279278,-0.690488035066,1
0.91668168314,0.447308517166,1
-0.825391634939,-0.399168495717,1
0.0945809443555,-1.69343563824,0
0.126068498611,-0.677610794433,1
-0.286399998697,-1.59766533777,0
-0.0495369163274,-0.989316066725,1
1.63045652706,-0.610557276833,0
-0.788974434729,-1.58982896918,0
0.812052594348,0.0597647608407,1
-0.90555114911,0.144914622979,1
-1.31293406275,-1.18917478051,0
1.53747890645,0.992006228833,0
-0.816339833789,0.39688855386,1
-0.592038752457,1.73219398989,0
0.0627210031203,0.834659030832,1
-0.0162717875922,0.923517119788,1
-0.55926910145,-1.81506453937,0
-0.593046183054,-0.783492353721,1
-1.34689968113,-1.14592590255,0
-0.976982204605,0.143868159445,1
1.6340147595,0.15773618825,0
-1.69159964709,-1.05962155333,0
0.726797358734,0.194567533717,1
-0.732145819177,0.525464692841,1
0.748075489603,1.55711506963,0
-0.142767537313,-1.71182081085,0
0.0393555251198,0.879969258947,1
-0.229898037686,1.84806156801,0
0.528604113707,1.65759616161,0
0.395186014333,-0.664591065436,1
0.755740802756,-0.378264294793,1
-1.65178019258,-0.626240818466,0
-1.08238822238,-1.27619065385,0
-1.36831296908,-1.30065653192,0
0.603538217349,0.667028527962,1
-0.765842380596,1.44305382425,0
0.595700743869,-0.468853841615,1
-0.936723008461,-1.51522325772,0
-0.0694061159581,-1.77721946655,0
-1.75928924829,0.0850241976995,0
0.375342747847,-1.75890202824,0
0.0154431451244,-1.77784971307,0
-1.17862719144,1.06314959292,0
1.73591841555,0.402848518151,0
-0.632275755983,-0.418918418215,1
-0.10373544539,-1.01038769021,1
1.5567453728,-1.12975981795,0
-0.574727081534,1.66468236397,0
1.75894711673,0.503065221648,0
0.155293153351,0.946495033692,1
-0.694088354737,0.347202532822,1
0.320511312764,-0.887582656258,1
0.984675780425,1.56044363748,0
0.101480481792,0.890278693375,1
-1.0255838203,0.060752220341,1
0.133006417264,1.03678148155,1
-1.70289299824,0.582507689206,0
-1.30978431303,-0.942018850841,0
0.444086553728,-1.707545852,0
-0.913349937173,0.323013399944,1
-0.0289555626186,1.85383532661,0
1.71683682645,0.157014031147,0
1.65132804774,0.68105771054,0
1.24045357918,1.04567155921,0
-0.30127106188,-0.868138919787,1
0.201186578534,0.815027850919,1
1.6180638879,0.42217691391,0
-0.345869301184,-0.677820856794,1
0.76523652618,0.499965012473,1
-0.232333948744,-1.79719741484,0
1.51693082863,0.775359225,0
1.71134668932,-0.726073609287,0
-1.22352316518,-1.24667948252,0
-0.542988411949,-1.67046550053,0
-1.0813918751,-1.55294316775,0
-0.307307825293,0.902347908147,1
-1.68168519538,-0.648080975434,0
-1.83498223768,-0.314283106567,0
0.449363473356,-0.66899780124,1
-0.0705212857943,0.908927072802,1
1.0690185318,0.289576239157,1
0.267997013373,0.836945945171,1
-0.282810095857,1.77596404149,0
-0.312147441372,-0.875697025578,1
1.42404197505,-1.01834475598,0
-1.57297902151,1.04006214447,0
0.443484965905,1.74318785231,0
-1.36610334993,1.14598476105,0
-0.992220415664,0.399342097208,1
0.711627868394,-1.56329508713,0
-1.62294212853,0.72861716671,0
0.964077902896,-1.50845360467,0
0.289189394101,0.788689402449,1
0.860154308771,0.20987605848,1
-0.0887816323317,1.7391709634,0
-1.95656784515,-0.0463308333638,0
0.145636030337,-1.5750542128,0
-1.67240672445,0.677481813743,0
0.709813321218,-0.302390798876,1
1.73965142417,0.107048410729,0
-1.52733243089,1.17986236982,0
-0.838224078755,-0.504019777806,1
1.75052799833,0.447567991745,0
0.154893643326,0.91858315422,1
0.967777203731,0.259163578436,1
-0.0360455943352,0.736961680439,1
0.884385982433,-0.328522383209,1
-1.77437375563,0.130058183984,0
-0.0809921263325,0.839144642936,1
1.62412669823,-0.801126166058,0
-0.403462101607,-0.84411273468,1
1.54508902485,-0.885504727891,0
-0.406419774945,1.78267519989,0
-0.824116415703,-0.319886132338,1
0.454473538492,-0.698622788539,1
0.289606201924,0.714186486699,1
-0.97831199904,0.357148706321,1
0.772900786607,-0.515009628176,1
-1.49912492531,0.707678456468,0
1.75959227144,0.354008418508,0
-1.54759209265,-0.896439586861,0
0.906845792087,0.311641021037,1
0.680153287544,-0.377903301444,1
-0.151730924824,1.81668634178,0
-0.39859170374,0.710675869624,1
-1.60932361437,-0.84641159757,0
0.423491437176,1.48377676973,0
-0.826392437092,-1.71079728674,0
0.525706500189,-0.699743049634,1
1.17974421828,-1.21356102469,0
-1.52375884697,0.982520852261,0
-0.54906174946,1.5368615602,0
1.76194864159,-0.509754071646,0
1.9162897565,-0.025236504338,0
0.61957601265,-1.69927650291,0
1.414580855,1.11371276383,0
1.52948401187,-1.17650482517,0
1.27985422228,1.32132880047,0
-1.69729061648,-0.737977102377,0
0.783993191653,1.73913009964,0
-1.61086189561,0.84701731568,0
-0.746616093155,-0.520740269051,1
-0.718003800151,0.412844331857,1
-1.37685819016,-1.11459952752,0
0.186525562657,-0.747313123621,1
-0.629266381254,1.65415818208,0
-0.825589387975,0.145936367987,1
1.38617484071,1.00748555081,0
-1.08921996943,1.38740107887,0
-1.55437688105,1.0925263898,0
-1.67320977055,-0.446067774694,0
1.69253192974,0.349791972755,0
0.306848592235,0.904049030633,1
1.198039375,1.29133158169,0
-0.229425314212,0.684581497485,1
0.151320634321,1.73542161919,0
0.897165649735,1.49597345726,0
-1.36857104361,-1.06755379921,0
0.477963685443,-1.70145642884,0
-0.245116098322,0.904605839586,1
0.939858301848,0.0136210040589,1
0.0599127274936,-1.78902160031,0
1.89441688556,0.0822771525705,0
0.894497597341,-0.104964786708,1
-0.787550377657,-0.332768595984,1
-1.29571079411,-1.19593747519,0
-0.463662574362,-0.705594115716,1
0.63734006705,0.541463681578,1
0.734302095253,-1.54476667242,0
-0.821498868169,0.228039970396,1
0.334639947422,0.900585539985,1
0.626613843999,1.72066898269,0
1.69063383701,-0.376158075959,0
1.07028608,-1.5036369057,0
-0.334460186267,-1.88725779306,0
-1.39737032545,-0.924377705007,0
0.900640406163,-0.199659866658,1
-0.759619298337,-0.234448682706,1
-1.76557918288,-0.517506996168,0
1.04241801095,1.36289436088,0
1.61745552967,-0.341594642312,0
0.219157467112,-0.853246156013,1
0.573366059343,-0.678857991622,1
1.65260827129,-0.807745480534,0
0.316798888383,-1.66357257291,0
0.508806351712,0.757807942961,1
-0.906161171239,-0.196208376601,1
0.862013591653,-0.148160015723,1
-0.552312175268,1.85139648429,0
-0.869011855016,-0.140604204946,1
-0.195959793574,0.865164191301,1
1.65573161945,0.666692850473,0
-0.406123401831,0.70919699544,1
0.347679319891,-0.770016895391,1
1.44150365504,0.73374059863,0
-0.870526990908,-0.352424890248,1
-0.0289509322769,-0.862978808053,1
-0.49208271624,-1.70467941624,0
-0.576371227582,0.536973669,1
-1.21579308656,1.22771702203,0
0.535669123527,-0.372190577393,1
1.37303016918,-1.17606452693,0
-0.565181202013,1.50463634939,0
-0.179934805737,0.78993748105,1
-0.567378493583,0.828470322692,1
-0.301515824186,-0.935931091461,1
-0.37626123756,1.62684293945,0
0.679284541922,-0.536727218475,1
1.89184959386,-0.424516020632,0
-0.78232617706,0.466714521327,1
-1.64066688857,-1.11624749459,0
1.18091789183,-1.05774740386,0
0.371663338247,0.915144389119,1
-1.54123527973,1.00261880178,0
-0.638525519718,-0.451537172908,1
0.749162872784,-1.53998477352,0
0.134371101643,-0.891455800683,1
-0.202101751101,0.885712610812,1
-1.69245859998,0.207542541356,0
-0.690174403787,-0.165702685655,1
0.709491782207,-0.638764683592,1
1.04681834249,-0.0699953753895,1
0.666511878347,-0.375840572922,1
0.934643968066,-0.559379075544,1
-0.541615949891,0.702748898834,1
-0.667644725387,-1.73624978293,0
-0.957538517037,-0.197706785692,1
0.0539861320992,1.70288202925,0
-1.48988564442,1.11485001954,0
0.589833760014,-0.741002749239,1
0.353623172218,-0.745200155004,1
0.74839610337,-0.393218963941,1
0.434143788387,-0.857624576461,1
-0.293710233483,0.801093833792,1
-0.63719494086,0.565775691164,1
1.71581504231,-0.950044951541,0
-0.388118959439,0.714264080496,1
-0.327319344551,-1.72814465074,0
-0.870209675871,0.00307623341317,1
-1.78371941765,0.511578740276,0
-0.46236005101,-0.622086735629,1
1.7885750876,-0.148425852203,0
1.60652066023,0.714961246585,0
-0.0524530224758,-1.80539844597,0
-0.913135137423,-0.0592194664154,1
-0.422443014962,1.81282441777,0
-0.0453334621629,0.895307176035,1
-0.31828623512,0.796095919247,1
0.818038885067,-0.193770396876,1
-1.36700996522,-1.10835831719,0
0.867912304619,-1.5352068111,0
1.29903491052,-1.18461079375,0
-1.60191394516,0.771746833061,0
0.631929114516,1.62028920196,0
0.882704100197,-1.54499380571,0
-1.21079374876,-1.42553082634,0
1.75381406099,0.624244713166,0
-0.745962671785,0.412550773771,1
-0.955663958699,0.154045156856,1
-1.85162405088,0.248128163887,0
0.839769123072,0.209102613837,1
-1.35496273791,-1.13218464151,0
0.533462601359,0.822219128176,1
1.54827847419,-0.881494135945,0
-1.58634394625,-0.671425420526,0
-0.82584657074,-0.469207799227,1
0.175714025249,0.867859236434,1
-0.751258553074,-0.382704412929,1
1.68989880359,0.922660534385,0
-0.611135112034,1.65487772635,0
-1.54998395392,0.711850569266,0
0.718127565276,0.526043722164,1
-0.916664785487,-0.412833821924,1
0.977142940727,-0.193584240852,1
1.61872040877,0.877822497496,0
-0.19661609816,0.890119319612,1
-0.158771871415,-1.82279909941,0
-0.519877260018,-1.66516808152,0
-0.704664516606,0.459262652764,1
-0.514550329522,0.453298256852,1
-1.80730132723,-0.067756770143,0
0.643737615433,0.526979427952,1
-0.531923945454,-0.412922387893,1
1.54451845419,0.49504253774,0
-1.18031772723,1.45264013658,0
-0.345751093828,0.973627206156,1
0.726475733099,-0.529249514796,1
1.08075701817,1.54218468858,0
0.386561808419,-0.769969562051,1
-0.928903824715,0.314304579981,1
-1.49527001605,-0.940678692199,0
0.972510164714,1.52761245178,0
-0.134554280434,1.97876473012,0
-0.635944409938,0.697987267923,1
0.318402727834,-0.921391424384,1
-0.741744682299,0.412030288204,1
-0.716495806345,0.539552526349,1
0.0852780797663,-0.767534191716,1
0.0804552867488,-1.72924113657,0
0.309648407033,-0.892163830652,1
0.737001040785,0.367818732286,1
-0.321344992688,-0.945507859001,1
-0.880230858752,-1.68289619839,0
-1.505947096,0.0845167919456,0
0.45271883505,-0.755098266633,1
-0.313715675792,-0.876092387547,1
-0.449408306606,-0.807401023854,1
0.62041647717,-0.601569805082,1
-0.766832268832,-1.49932749573,0
0.812787726093,0.515052244782,1
0.403882456536,-1.66989909445,0
1.49011831845,0.643787926014,0
-0.0924493690115,-0.77109877283,1
-0.270713273886,-1.63469745891,0
1.33331742426,1.31696770273,0
0.454320654344,0.745754007827,1
-0.797785708317,-0.520403007197,1
-0.2601008904,-0.875576329525,1
1.60088488423,0.684564624568,0
-0.534805537695,0.643740872761,1
1.39999701887,1.08437036974,0
-1.08281433572,-1.38760522794,0
0.185950220683,-0.886867957958,1
1.8051485388,-0.149629910435,0
0.239185989763,-0.862890613187,1
-0.772966685069,1.51387506978,0
1.4540000215,-1.00149875307,0
1.7037725485,-0.380293239419,0
0.393623616204,-1.75288536949,0
0.0227045019194,1.77693049559,0
0.37773172229,1.69318348783,0
0.326572717611,-0.732011607331,1
-1.50293988122,0.711651694193,0
1.74049673452,0.15982925458,0
-0.328128502826,-1.65737537387,0
0.547333469292,-0.625733902191,1
-1.11214957488,-1.48854302187,0
0.0347943771888,-1.80080828559,0
-0.85189268075,-0.139451684356,1
-1.75055614597,-0.166363321999,0
0.39034868449,0.860559467741,1
-0.629325711453,-0.631634660349,1
0.567357231575,-0.422005975342,1
0.74863353878,0.584093151516,1
-0.98185939735,0.096857554882,1
0.907530065584,-0.527886930923,1
1.2958582307,-1.34147805148,0
-0.159020053968,-0.813326506613,1
1.86885189721,0.00165725874361,0
-0.385535729229,0.814657613184,1
-0.909136716618,0.10176629451,1
0.911460578717,-1.58621094193,0
0.209775510257,0.940183495874,1
-0.680589535615,0.407351051358,1
0.854440636831,-0.218107326037,1
-0.758522272538,0.41784337577,1
0.811868718497,-1.56383161452,0
-0.789003000467,0.262319701382,1
0.292269904387,0.684316525313,1
1.01725723015,0.153506959565,1
-1.76287595269,-0.853771867182,0
-0.6933003593,-1.63512933245,0
-0.22744472144,0.762730528058,1
-0.356643585085,-0.938585132587,1
-1.85078711976,-0.349329374865,0
-0.0919588943354,-0.829619921193,1
-0.765713134566,-0.0834311604923,1
-0.851468961668,-0.246060491572,1
0.762079295297,0.386524493796,1
0.884479475431,0.343261727625,1
0.741261103768,-0.469345071566,1
1.49712124724,-0.8827411731,0
1.34104120609,-1.23012442812,0
-0.88616814173,-0.194461685684,1
0.419005969675,0.764350872744,1
0.277221933717,-0.712574865831,1
1.01250980754,-1.35709857798,0
-0.907872984203,1.44121463146,0
1.78664703807,-0.529347951298,0
1.49221043147,-1.1397139326,0
0.780960516274,0.627464532049,1
-1.38703908666,-0.875375995256,0
0.620504965277,0.911220743882,1
-0.853377250233,1.54017034443,0
-1.73571278209,-0.659695040173,0
-0.716341096245,-0.338378606116,1
-0.975757338773,1.61841033719,0
-0.77513101867,0.298272531599,1
0.131018866412,-0.90058561495,1
-1.07907828737,-1.548313758,0
0.371576649748,-0.844366238008,1
-1.56865896531,-0.717601589276,0
-0.747030815804,-0.650128925109,1
0.745572585215,-0.331073735538,1
-0.527858225121,0.689261914758,1
0.0867134882117,-0.77835513187,1
-0.678999914926,-0.448226398716,1
-0.0881925068867,-1.0734436444,1
-0.752631007854,-0.233143733445,1
-0.0676463038634,0.690525104627,1
-0.538972832446,-1.50853723769,0
-0.575915866352,0.668067569354,1
-0.0322278310637,-1.77845405439,0
1.07591515246,-1.41709578679,0
1.24258088366,-1.32520829949,0
-0.734664120277,0.645156058965,1
-0.142684555583,1.0445828136,1
0.855382816961,-0.321985130246,1
-1.76143915993,-0.692479816763,0
-0.0344731137458,1.72394650705,0
-0.713331766973,1.62892558932,0
-0.014705489449,-0.731414164618,1
0.11423428456,-0.919445735503,1
0.801596283795,-0.397849733739,1
-0.876022704787,0.248740505147,1
0.434969327198,0.828107549289,1
1.53445272239,0.795030303666,0
0.361219687442,-0.890566738608,1
0.0139534837155,-0.919062543957,1
1.1727719783,-1.30412047313,0
0.7317263026,0.53509508156,1
-0.0831814892332,0.788999857737,1
0.796613446153,0.041397467162,1
0.237236020554,-1.73710199408,0
1.33436724131,1.16675262539,0
-1.37189804753,-1.19394139238,0
-0.763499739102,-0.444030078631,1
-0.800517303997,0.28895204716,1
1.61127144249,0.641695227982,0
-0.469029070664,-0.674332389489,1
-0.683551716334,1.34704333782,0
0.840355296308,-0.279655878499,1
-1.31202540796,1.12133827477,0
1.64893846143,-0.849292957938,0
1.55382764881,-0.841249892359,0
-1.16355805163,1.25988439916,0
0.0354790857841,0.777494539384,1
-0.126269169979,-1.74653586537,0
-1.75882700863,-0.279392901924,0
-1.20341897835,1.3506769387,0
-0.739506056908,0.28690580958,1
-0.94093776516,-1.34934211199,0
1.03145388049,-0.120179834846,1
-0.968688152204,-0.0231503856915,1
1.1587249545,-1.34401013961,0
-1.26505037922,1.27678472655,0
-0.714089009463,0.671026245852,1
0.542020178767,0.733095030796,1
-1.76698234819,-0.21160492472,0
-1.18337970446,1.36709024347,0
-1.74175292787,-0.596170579685,0
-0.10734853911,-0.976826089607,1
-1.65554339769,0.424728501001,0
-1.27760899986,-1.14593082382,0
-1.89769097537,0.258831772251,0
0.891877490768,-0.166500306805,1
0.779731472074,0.816417531626,1
-0.260500535511,-1.81313394458,0
-1.48973030291,0.743965665484,0
-0.9626615727,-0.231087807029,1
-0.0859725295302,1.76616662045,0
0.977328342424,0.107551963105,1
-0.272414594173,0.863134830051,1
1.57762747827,0.986194877723,0
-0.939820040597,-1.60506928549,0
1.68002982219,0.142855396797,0
0.284603343421,0.843680138355,1
-0.770631683659,-1.55240995945,0
-0.751434365618,-0.507291421017,1
1.72196251146,-0.563323577374,0
0.161641926003,-0.910580180766,1
1.5121605824,0.753955751708,0
-0.578715508897,0.695837727295,1
0.642921676406,-0.610205476608,1
-1.61948393986,-0.593353130156,0
-0.308191842068,-1.79100501571,0
-0.201208282078,1.80887375798,0
-1.60253832814,0.667781068551,0
-1.05497527151,-1.38940327696,0
0.615849985743,0.649844084255,1
-0.284903854764,-0.69401833869,1
-0.554564935378,-1.67371895947,0
0.82767016439,-0.367973331955,1
-1.82062194972,-0.600065374225,0
0.729902889199,-1.71053591837,0
-0.555136413235,0.619032365376,1
0.500744286116,-1.72599102137,0
-0.163621066792,-1.84863263361,0
0.797710474554,0.329464740443,1
-1.21589557494,-1.3907156658,0
-0.645276243737,-0.648403110657,1
0.799910818275,1.47643791004,0
1.84896753531,0.225165229971,0
-0.901978359365,0.340659701619,1
0.486682912958,-0.51991274362,1
-1.21347667328,-1.2794199188,0
-0.0145172422037,-1.82740212745,0
-0.473231535391,0.587347106459,1
0.851735663851,0.514488438416,1
-0.539706952518,-0.704091841063,1
1.25446030992,1.30305150244,0
1.46918783564,0.869902334646,0
-0.986510017652,-0.0285762524104,1
-0.0973652831976,0.906696146127,1
-1.76468542968,-0.320237871592,0
0.312447288475,1.59571836784,0
-0.590535254334,0.666043696741,1
0.310708080827,-0.945456812561,1
-1.78105189804,0.419304865392,0
-0.0121356017175,1.99432957219,0
-0.861293133843,-0.315195603538,1
-1.85470172039,0.160810810391,0
1.16049443706,1.58246621397,0
1.33021610046,-0.736651051015,0
-0.87357396724,1.45168606261,0
-0.24412699032,1.01907031252,1
-1.61361151012,0.771665456449,0
-0.162409556493,0.757881535331,1
-1.84513507944,-0.196220461943,0
-1.90661908416,0.37660074085,0
-1.13194570335,1.43907513256,0
-1.69008047553,0.255897656616,0
-0.842468751175,-0.296027204497,1
-0.785597772656,0.603401063861,1
0.524557643163,-0.664789724057,1
1.66772110474,-0.441106388365,0
0.783786400989,-0.61330785918,1
1.83223979621,0.150084842907,0
1.51575981619,0.732520167195,0
0.688571050802,-0.557373375353,1
-0.631246226293,-0.9017857367,1
0.894021639118,0.371022336558,1
-1.77371637317,0.169599187179,0
0.859725416863,0.30050659429,1
0.957639570711,-0.239572392339,1
0.35123582647,-0.834644935407,1
1.67066781829,-0.237769801926,0
1.34020940891,-1.19513931524,0
1.24995299562,1.26568840419,0
-0.661423656939,-0.738724815509,1
0.0432005154378,-0.857379950699,1
-0.0724260751886,1.79619625218,0
0.147049851547,1.8233740595,0
0.146282397469,-0.88527923456,1
0.809097857994,-0.400965654157,1
1.64549059008,-0.541907875905,0
0.738962147492,0.373446236245,1
-0.36095933511,-1.74138834781,0
1.77573171406,-0.160350635306,0
1.41949662607,1.09234832343,0
-0.860491702921,0.222078564911,1
-1.63739396475,-0.44304740976,0
-1.2873030838,1.46842241083,0
0.389502354404,-1.71750416282,0
-1.57328701298,-0.187674692394,0
0.109028606503,-0.827944845238,1
0.819890382012,1.65489974829,0
-1.16851022851,1.43950131187,0
0.834927760596,0.245993300067,1
-0.494194307356,-0.705342333324,1
1.3112230801,1.29126935121,0
0.670153247818,0.339203066856,1
0.345264520277,-0.630644360385,1
-0.18742845123,0.76792511015,1
-0.951266287642,-0.496979095394,1
0.932684749745,0.00691015811776,1
-1.34687268071,1.18657166596,0
-1.13872128301,1.43359462987,0
0.844655271013,-0.227691865489,1
1.59348939019,-0.911000941244,0
-0.394302932641,-0.805814825988,1
0.929469189376,-0.160003071463,1
-1.43496115682,-0.614731230998,0
0.148790980384,0.836044451664,1
-1.71343927579,0.243719228144,0
0.641989692122,-1.60446305189,0
-0.85598266553,1.7327550804,0
0.147917997166,-0.882546598072,1
1.73513439656,-0.577808516866,0
-0.273283072681,-0.989831904825,1
-0.199294869991,0.936061021723,1
-0.768481464433,0.598843705438,1
0.761892541441,0.357744337565,1
-1.69023548627,-0.0273445682513,0
-1.10577013341,-1.03057421938,0
1.18779682537,1.45122360016,0
-0.662363963731,-0.768506958082,1
-0.316238418188,-0.824970197732,1
1.42086152728,-0.835424180284,0
-0.815269467225,-0.349542343466,1
-0.837984382129,-1.65459982129,0
1.24686387916,-1.28069635581,0
-0.864626553211,0.113085867478,1
-0.136020602029,-0.918998147345,1
0.446774911348,0.677701332184,1
0.133090456907,1.01699403991,1
-1.73425534597,0.131335284394,0
0.913007617557,-0.0268336178759,1
-1.812675848,-0.218684009771,0
-0.321459829253,1.86646352428,0
1.58353664443,0.890549519294,0
-0.578784208357,-0.829896898157,1
0.689850816652,0.661027041567,1
-1.197510798,1.30627617169,0
-0.0999853329066,-0.863358762902,1
0.885835114229,0.132984999609,1
-0.824026617585,-0.203248423176,1
-0.689556910569,0.674814689362,1
0.826213914915,0.378746025784,1
-0.388718232861,-1.62887597988,0
-1.29032720878,-1.36110258397,0
-0.832647686697,-0.374630440423,1
-0.277722437097,-0.80185097748,1
0.327598802167,-0.664866931605,1
-0.600853312156,-0.854834778084,1
0.0768912044888,1.87279425305,0
0.866655910693,0.0936423868015,1
1.8122180838,-0.0162160976054,0
0.0193518783794,-0.982761486736,1
-1.63750319772,0.913453170506,0
-0.396550102548,1.8477440441,0
-0.149297859399,0.914516431611,1
0.309763844862,-0.677597654156,1
-0.149308358176,0.913084338454,1
-0.456338287537,0.908267360267,1
-0.460170396442,-1.77242530991,0
-0.955445141353,1.61671306194,0
1.71298528412,0.595928652843,0
1.26956650396,-1.19259850694,0
-0.817023503897,-0.211714685253,1
-0.663860266438,1.50764909622,0
0.315453167892,0.910589005926,1
-0.225432201379,0.860779932095,1
-0.375764131287,0.857249604936,1
0.0454632933356,-0.840917673627,1
-0.247031506109,0.751464907966,1
-0.993136357429,1.43345325959,0
1.21944134366,1.30544190981,0
1.67959726309,0.294488033826,0
0.754563885218,-0.249371882455,1
0.462155756894,0.722336374265,1
0.701397643298,0.552554041498,1
-0.632379305756,0.603467455813,1
0.430398903647,0.72269159533,1
0.868938199699,-0.36290600145,1
-0.0721942957447,-1.74341400221,0
-0.495981055551,0.590108951251,1
-0.806775640336,-0.331597454441,1
-0.598153525053,-1.75885946883,0
0.968931225678,-1.5930470545,0
-1.01364501516,-1.40062599442,0
0.765851614102,-0.442270516654,1
-0.529552262905,0.790781363394,1
1.74469224842,-0.242604416235,0
0.881165962107,0.154377265898,1
0.836304737495,-0.144043412578,1
-0.947419478053,0.136840847055,1
-1.6444952862,0.0283888612864,0
0.0179156665518,0.755189555504,1
-0.536036723025,1.53543421731,0
-1.7411080783,-0.602956991861,0
-0.249197924268,1.68139437982,0
1.28933675811,1.03446060756,0
-0.114925074918,1.85329431417,0
-1.03601142899,-1.42802087632,0
0.765746626055,0.296747953474,1
0.633441475879,1.91518688899,0
0.715518334394,0.190963742403,1
-1.60494313845,0.86255539955,0
-0.543991341853,-0.658605660558,1
0.392978723382,0.578247837065,1
-1.39738580542,-1.1132826616,0
0.656526225155,1.56621010457,0
-0.453530611333,-0.733960301833,1
-0.639243002953,-0.317035381066,1
-0.666247609736,-0.354104115458,1
-0.726017410872,0.635651066466,1
-0.274415627678,-0.962245449375,1
1.81677436752,-0.110790605689,0
0.615469122453,-1.8510107672,0
0.551026605292,0.688791236952,1
-0.159773664604,-0.90875571902,1
1.37228220599,1.13750298809,0
0.520548256386,1.92274323485,0
-0.917808944116,0.266480436524,1
-0.88518753621,-0.366391826625,1
-0.640856069626,-0.632004632684,1
0.79640848052,1.66153727827,0
-0.828234474915,0.316125326853,1
0.938891853062,0.0868030279863,1
-1.71188756345,-0.274991990195,0
0.624657712936,1.52061522135,0
-0.148979379183,0.837216879684,1
-1.6125566908,-0.676363250895,0
-0.508661714925,0.452533283472,1
0.0139437182627,0.879702956891,1
-1.91027415375,-0.41943319242,0
0.966629103979,0.127422968035,1
0.716244700058,-0.570749985936,1
0.438304568906,0.970075412237,1
0.0729079919451,0.927627935191,1
-1.60819241678,0.297478929684,0
1.20424418259,1.4053681682,0
0.884394978916,-1.45534827497,0
0.226753839429,-1.69918623025,0
1.79724380886,0.546600227368,0
-1.18072610877,-1.38901246096,0
0.592455372094,1.65962538709,0
0.547886441119,-0.866877699488,1
0.5001274418,1.68617301402,0
-0.0993708784227,-1.92358361819,0
0.430667634529,0.8497501486,1
0.167528917157,1.0247661972,1
-0.705493944898,-1.60024903982,0
-0.76373392333,0.304544555266,1
-0.492922676029,-0.840263243604,1
-0.719181502074,1.6357979417,0
-0.499251378504,0.826930104683,1
-0.739813012776,1.64549401453,0
0.0856333206465,-0.838951424372,1
-1.00552898386,-0.0629800972151,1
-0.573513034559,0.810976831473,1
1.30612170134,-1.37471493999,0
0.473094655024,-1.90991898198,0
0.177341847818,0.89610586545,1
-0.89641206262,-0.34727893192,1
1.44626328864,0.918732905408,0
0.599115429018,-0.761826931077,1
0.0949484096179,1.70368897669,0
-0.571397377328,1.6445801312,0
0.00279948611916,1.62904763118,0
-0.660260498109,-0.683065913091,1
-0.214249304727,0.848281709473,1
-0.334762245666,0.849169089203,1
-0.582672030661,-1.830731324,0
1.54586318017,-1.10407353363,0
0.161810964579,0.750168659994,1
-0.660460903039,0.527713500538,1
-0.862853983248,0.397362543443,1
0.795417721154,0.224442815913,1
-1.72739064687,-0.0456940331735,0
-0.309871793804,-0.808048453103,1
0.540391282451,-0.898251012713,1
-1.73402026433,0.61731525878,0
0.56834255754,0.712855638634,1
-0.995907105931,1.51027566912,0
1.75579362838,0.000127326279607,0
-0.98563978473,1.63091963357,0
0.920218362817,0.097893352007,1
1.65798075715,0.646300251214,0
0.886385249119,-0.112245607486,1
-0.13868871244,-1.81433859226,0
0.938541960693,1.57170391162,0
1.03930665249,0.22119897655,1
1.12085038782,-1.21053709897,0
-0.617188799233,0.593572641578,1
1.60568498181,-0.665252276763,0
1.25383392632,1.20403740791,0
-0.931764741394,0.108766041914,1
-1.07543841232,-1.43371403041,0
0.712067120541,-0.151408129236,1
0.0585039428742,0.848974116986,1
1.43004648542,-1.05452916123,0
1.76121522861,0.297093772904,0
-0.69484991261,1.5988329719,0
1.84383328337,0.804579724977,0
0.344260148273,1.55029756284,0
-1.37793551671,-0.92667583072,0
1.79599354136,-0.207867595076,0
0.824050684493,0.516676475067,1
-0.276498696079,-0.971953984099,1
-0.868698009749,0.213077612246,1
0.672098382012,0.554168121909,1
-1.44086798634,1.12711217507,0
-0.572004304551,0.735591081781,1
0.0916184634707,1.85907536136,0
1.69815461183,-0.751414752809,0
1.25195284333,-1.32681781487,0
0.200589428793,-0.954467626806,1
-1.35744992828,1.24851556657,0
0.877378861879,-0.215180865671,1
-0.228770070962,-0.744112003941,1
0.91788142988,0.0881086440541,1
-0.063610911175,-0.87087952646,1
-0.546432211143,-0.870221047112,1
-0.0932331367161,0.848952531711,1
1.33011478089,-1.18366102998,0
0.534231589874,-0.672697800111,1
0.982207310157,0.356454508148,1
-0.297800060409,1.63244813779,0
-1.82501505278,0.535961123878,0
-1.47946500855,1.0846855411,0
-0.335713172216,1.73366793242,0
0.802158341473,-0.151123632718,1
-1.37124352697,1.13523956391,0
-1.82987180252,-0.107138378446,0
0.301285731285,1.682200135,0
-1.603791672,-0.645336862742,0
-0.595110163883,1.72657450293,0
0.700496289501,-1.60240138353,0
1.8654071627,0.40718910142,0
-0.656142263129,-1.49621272667,0
-0.901847982521,0.059477357587,1
1.39353228024,0.951785488477,0
1.21419820595,1.26744178897,0
-0.784936356713,-0.220854446944,1
-1.70944251334,-0.216805272353,0
0.63260933705,0.678796759275,1
1.84083478802,-0.0621727558062,0
-1.79931235815,0.0418919883867,0
-0.927530059473,1.37957933252,0
-0.392312044688,-0.663255183864,1
-0.348151779012,0.772175293667,1
-1.43920097848,1.07410112497,0
0.0905003848021,-0.825535243416,1
0.771734990581,-0.565832907056,1
-1.76634044257,-0.615480532039,0
0.823395681,-0.373605306621,1
0.109903783728,0.860378647517,1
1.7580610325,0.59394253335,0
-0.344514749804,1.78155132193,0
-0.395747955827,-1.67954470143,0
0.392517611043,-0.874699636438,1
-1.07982064925,-1.56682115802,0
0.424885973613,-1.66913794297,0
1.25127551066,1.14926747137,0
-0.801962682083,-1.56281269313,0
-1.21355719116,1.26030388421,0
-0.577819418333,-0.597145675025,1
0.518274792718,0.589238363512,1
1.43344785897,0.987286039589,0
0.0621071355784,-1.66697221109,0
0.169059479121,1.81269419423,0
-0.824867271083,0.0597578513866,1
0.668702687177,-0.705106033271,1
-0.889517486269,-1.54733926952,0
1.00890710931,1.37900254674,0
-1.34969725211,1.05845287019,0
1.5235211466,1.10909584103,0
1.57353336961,0.659900759881,0
-0.928662289601,0.114053498923,1
0.921841578931,0.180431903647,1
0.803683238563,0.157489205798,1
-0.372799339679,-0.665233302533,1
-0.55683526794,0.499297898755,1
0.720750103198,-0.635095849724,1
-1.73991933622,0.713692177083,0
0.360057307155,-1.79343211689,0
0.997050240253,-1.32189424349,0
0.061027607453,-1.69731073552,0
0.438985926929,0.788468176967,1
0.634675619623,-0.766921900049,1
0.988283107495,-0.438869987692,1
-1.77145109215,-0.565502469936,0
1.14670895629,-1.52455047943,0
0.982410116959,0.0453910370235,1
0.805992777502,-0.340081763928,1
-0.372916829392,-0.917874567,1
-1.29077472045,1.2688634787,0
0.159402088931,-0.902158975699,1
0.572478646961,0.328040866224,1
0.886965069357,-1.59150497702,0
-0.665129459507,-1.62351319219,0
0.431895909704,1.88009444607,0
-1.71215694644,0.49282053208,0
0.6609876967,-0.532710826115,1
-1.06699194665,-1.51381077954,0
1.66294579215,0.741954830013,0
1.80478842316,-0.152993732908,0
0.86997017868,1.54526144523,0
0.991145910913,0.097645044144,1
-1.25818439449,-1.19134999454,0
-0.276792565677,-0.845515624476,1
0.23771049762,0.884751971966,1
0.160362969596,-0.849780455792,1
-0.0349861259922,0.713843868678,1
-1.55433118978,-0.87402319396,0
0.0635972858452,1.8428345591,0
0.03207499501,-1.75820317886,0
-0.535562815523,-0.553869065904,1
-1.60824944682,-0.705664405223,0
-1.6071404651,0.720414588308,0
1.04625274731,-1.39144572338,0
1.44544792651,-1.13982855662,0
-1.74121890279,0.462119896503,0
-1.28899335691,-1.08502033298,0
-0.329452629034,0.687470252826,1
1.90482028629,0.318576583297,0
0.236275333081,0.906706645815,1
-0.817755121895,0.101498575819,1
-0.840132397819,0.148019218663,1
0.77762595705,-0.163359714145,1
0.537648737009,-0.834826718419,1
-0.677480683276,0.558624221393,1
0.649395902688,-0.733507632758,1
-1.80213043606,0.364285108972,0
-1.31998938017,-1.32983997874,0
-1.60808496393,0.961825034761,0
0.806342632049,0.157165651043,1
0.0512426429263,-0.941702148949,1
-1.49244467111,-0.989000106814,0
0.239815729058,1.65559564612,0
1.69354114681,-0.794583935814,0
0.847999811536,-0.0992053825813,1
0.912562031699,1.64188664811,0
0.821412783526,0.53543938539,1
-0.320205513173,-0.70585711291,1
-0.739780201787,-0.592696240276,1
0.766079251861,0.565271342672,1
1.3302286164,1.13711146751,0
0.0168481412374,0.87769880985,1
-0.6623973074,-0.42276982498,1
-1.79323014191,0.529315375627,0
-1.66120750024,-0.328793014266,0
-0.561951869323,-0.654116720821,1
-1.81272002077,-0.215538843029,0
-1.76820045743,-0.14182475048,0
0.402829608497,0.953635225296,1
-0.0511485520422,-0.947629738214,1
1.06442139145,1.56485516859,0
-0.414504545968,-0.932039708683,1
-0.861029674787,-0.0679836769487,1
-0.452039361314,1.83979388991,0
-0.173768638904,-0.764644969165,1
1.68636432282,0.350853132357,0
-0.557938989634,-0.517652314798,1
0.95232228846,0.0729009177306,1
-1.90256186799,-0.195457281307,0
-0.965719727758,1.43951307622,0
-0.81042553533,1.50339139048,0
-0.934546763618,0.211159951204,1
1.62446881908,0.57175756773,0
0.416561371341,-1.69267754073,0
1.31406456037,-1.00915047952,0
-0.761653466939,-1.53489687667,0
0.546602841653,-0.671238627157,1
0.917468600299,-0.14228578762,1
-1.0134298,0.0918466622012,1
-0.638500381004,0.774796029712,1
-0.657080798429,-0.600326027176,1
1.09346707058,1.48835404238,0
-0.594334757335,0.683069334755,1
-1.70531085766,-0.0424248889138,0
0.38714899842,0.929480653966,1
0.871942797474,-1.55455689155,0
-0.438360394797,0.734754011796,1
0.627907539985,-1.6505946301,0
-0.0573578777,-0.773731488577,1
-0.653717600072,0.798938490967,1
0.853702638178,-1.54715904505,0
0.813532729061,0.443683208789,1
0.301778731141,0.751193715309,1
1.50183738351,-1.20283156717,0
0.396168937113,-1.80882361507,0
-0.701560297216,0.610092275462,1
1.83678628764,-0.363230208641,0
0.234315545631,1.69500088163,0
1.67709789999,-1.20601555331,0
-0.823205785582,1.58067702422,0
1.56514637576,-0.796530915289,0
-0.749322555829,0.0175194669976,1
-0.660093158014,0.44344637509,1
-0.545696398381,-0.831393899049,1
0.476239986977,0.849432971759,1
1.703236948,-0.568070428375,0
0.861953609099,-0.190392946615,1
-1.61551502813,0.908003174577,0
0.785358541491,1.62228686683,0
0.149722458604,-0.94398446908,1
0.423786063904,1.77907959782,0
-0.311064111608,-0.705112685502,1
0.803773874732,-1.71144416004,0
0.601307855614,1.77289151727,0
0.821791957079,1.55356243525,0
-0.596611544733,0.76722018819,1
0.654927605323,0.576228218846,1
0.698394011024,0.187324240006,1
0.799511882227,-1.83603261682,0
0.964398662875,-0.211403186786,1
-0.435163717538,-0.710539882608,1
-1.63998658089,-0.604001489824,0
1.2892133471,1.34760069148,0
1.78896852152,-0.157333069995,0
-1.75921253125,0.473810908106,0
-0.643605489104,-0.681188369226,1
0.723828292436,0.568787839734,1
0.725082108411,0.57144579403,1
0.844857451163,0.0522104362702,1
-0.13349626998,0.995965441329,1
0.0191373351617,-1.00991789913,1
0.70212467677,-0.739485717791,1
0.726959359556,-0.398604609866,1
-0.746533123081,0.339285822767,1
1.21143794773,-1.30072352941,0
1.03154812777,1.38257998197,0
0.832496628557,0.412992081379,1
-0.292767218039,0.871235986577,1
0.661471977626,-0.494334359893,1
-1.32338050098,-1.13494053261,0
-0.775219874594,0.531086587754,1
0.362186853844,-1.67423737811,0
-0.743345998736,0.394669381485,1
-0.803098377841,0.363887663731,1
-0.886173642997,-1.45900479886,0
1.56135845643,-0.672807760958,0
-1.75791183899,-0.0263435791066,0
-0.222720207809,1.07502657334,1
-0.868204392893,-0.436601573677,1
-1.56940245636,-0.324309405292,0
-1.57493460998,-0.567031848648,0
-0.698238512906,-0.624295330938,1
0.145577915192,1.78111777556,0
1.5925328961,-0.854099950869,0
0.65184614872,0.405845536423,1
-1.57477701514,-0.916346681568,0
0.908788132794,-0.109630667947,1
-0.180972606338,-0.826150097215,1
1.80477475117,-0.293786204586,0
-1.08642053074,1.19305023059,0
-0.830929886496,0.193036116116,1
-0.949623698412,0.0082237848142,1
1.06349768495,-1.3635132763,0
1.68321477597,-0.223262350815,0
-1.15894820066,-1.63889156917,0
1.63720276582,-0.992045328576,0
1.77286820598,0.00531541906547,0
-0.0832971683051,0.994668271419,1
-0.850808515258,-0.36848342631,1
-0.813190655855,-0.405856131163,1
-1.75691162584,0.739851281245,0
1.04278887207,1.58103580802,0
-0.340760183309,1.61989584107,0
0.590387342883,0.538515603016,1
-0.886107314436,1.76710364268,0
0.9713621394,-0.104745718541,1
-0.640511682968,-0.471387620194,1
0.398450144815,-0.953802841804,1
-0.968439402148,-0.217099628008,1
-0.223860757406,-0.772327030062,1
-1.8159078862,0.0546316339422,0
-0.90143388229,1.54893837782,0
1.69696984272,-0.216439193963,0
1.75099027477,0.47894188545,0
0.703775275056,0.699854378053,1
0.412077420242,-0.725970068295,1
1.51778803448,-0.864959310609,0
-0.959124075972,-0.32912834932,1
1.75823738411,0.118683528435,0
0.824670157151,1.67100138549,0
0.744363628595,0.597866550783,1
-1.69151635085,0.367543098733,0
-1.325503248,1.10046764961,0
1.6545751762,-0.67176434886,0
-0.509160983135,0.569263836524,1
-0.14414789403,-0.825967123284,1
-1.77333608398,0.0835469403994,0
-0.494770592806,-0.786421494103,1
-0.594292218649,1.65262035453,0
-1.68883441857,0.515345643644,0
-0.184659054217,-0.824432141406,1
0.555803462542,-1.86356297417,0
-1.37814836668,-1.13742307706,0
1.37691183841,0.927715955673,0
-0.15446680967,0.765135430244,1
-0.833345985358,1.55984823856,0
1.23393366899,-1.40215451646,0
0.979881107961,1.43111219501,0
0.792856686707,-0.154054616739,1
0.698162091114,-0.674170145138,1
0.254184125927,-1.71112706463,0
0.911377299778,1.66166385393,0
-0.50934087206,0.889113345108,1
-0.73006730156,-0.509145663072,1
0.502584425607,0.629528592681,1
1.77305629182,-0.593305089952,0
0.811413560373,1.5548253779,0
-0.461850120157,0.544577360921,1
-0.581770418926,-0.614894663643,1
1.75887304242,0.134629761348,0
-0.854206917035,-1.62245259645,0
0.571703394856,0.731682289243,1
-0.0758604299716,0.679467868752,1
1.09683065593,-1.47723458512,0
0.0714242300099,0.584759152904,1
-0.490533983425,-0.615342786259,1
-1.79355943723,-0.446362145935,0
0.8463762918,-0.195571521368,1
-1.92475510678,0.346638200739,0
0.584409913084,1.69026088465,0
-1.83563097159,0.540767551364,0
-1.60370178909,1.05230268391,0
0.190428698155,-0.74865861739,1
0.638202573463,-1.69636841668,0
-0.822619046734,-0.54849840629,1
-1.17832739722,1.29817586488,0
-0.224744895485,-0.826269174063,1
0.794754693525,-0.280420501358,1
-1.01521921379,0.349606409782,1
-1.81370633494,-0.41932030665,0
-1.25351642679,-1.33971576156,0
-0.725245351418,-1.59698986765,0
-0.321215869535,-1.79337906933,0
-0.393830285065,0.778148837837,1
0.0959014000515,0.836298409073,1
-0.623540476572,-0.301658480958,1
-0.0960827824487,-1.93168537501,0
0.208129290955,-0.935063871459,1
-0.631903392749,-0.609959965424,1
-0.969500412111,-0.0768684019666,1
-0.0474815133913,0.926255227886,1
0.389016554319,1.64483849866,0
-1.75414778366,0.564362016015,0
1.61792251885,0.808345302621,0
-0.830906024678,0.126593087405,1
0.644310739799,-0.610388200326,1
0.747398765282,-0.461101549419,1
-1.44111161583,-1.18156571924,0
0.485024545653,0.775602157654,1
-0.755787616912,-0.457370355168,1
0.195197868826,-0.816172705135,1
0.266383775223,-0.874710692323,1
-1.60682174378,-0.838863943676,0
0.834414549397,0.110659570127,1
0.43419766724,0.59683015329,1
0.548955043616,-0.729071992652,1
0.765284500877,0.550042980694,1
-0.605617620386,0.684664471426,1
0.494334966756,-1.64490629835,0
-0.0348118189825,0.889526118381,1
-1.70498883842,0.389996016597,0
-0.616597781548,-0.794278624745,1
-0.522399913845,0.554749264935,1
-0.883934100747,-0.130102413816,1
-1.30185693434,-1.1607007072,0
-0.919672034556,-0.159377475856,1
0.644167715645,-0.727525098826,1
1.32068091788,-1.22232887464,0
0.120622249789,-1.66708197045,0
1.02923056063,-1.44662312047,0
0.573047696227,-1.73588074062,0
0.380113895664,0.69542734173,1
-1.33166063062,-1.10325510138,0
0.877637774249,0.212133991333,1
-1.42422511601,1.06439330648,0
-0.0823307135091,0.838516753836,1
1.78813880624,-0.317002478882,0
1.68403772228,-0.626751086155,0
0.592390586671,0.591691531625,1
-0.253316568182,0.995912811006,1
-0.85331333435,-0.286577001302,1
-0.660562077845,0.437312761132,1
0.432905585236,-1.03058642872,1
-1.31014969318,-1.04813431402,0
0.317941144946,-1.75232365555,0
0.622530133917,1.67257380676,0
0.450151323677,1.74315170872,0
-0.882583347392,0.0680157123713,1
0.983111029417,-0.17764339462,1
-0.902224104283,0.143933549433,1
0.488152230918,0.597201423104,1
-0.268394988637,0.695341913426,1
-0.443009815991,-0.979639414765,1
0.814108147175,-1.61298098365,0
0.639663646468,-1.66412162289,0
0.401053395245,1.72410731928,0
0.961539533659,1.30548589512,0
-0.614516636417,0.500664267668,1
0.794458768728,-1.63586413405,0
-0.414337737767,-0.753036344896,1
-1.74837860032,0.582160099952,0
-1.17173920204,-1.44709826868,0
-0.761555848561,-1.56716279897,0
0.519944226736,-0.679815761815,1
-0.242927976848,-0.88150063645,1
1.2605229315,1.31625511298,0
0.922357424428,0.483366561177,1
-1.3715911897,-0.758354702692,0
-0.935846227503,0.165768932133,1
1.7873137314,0.563726779757,0
0.538384453332,0.75321007775,1
-0.0150086617999,-0.971508911263,1
-0.115317732101,0.80559508345,1
1.53380130928,-0.411989537809,0
0.87017102041,-0.414015046222,1
0.786487202203,-0.448326530632,1
0.850349451242,0.124164426273,1
0.403605424985,0.785408175747,1
-0.0481488021029,-1.68958342536,0
0.587963462594,-0.464261880962,1
1.42941411739,1.00470194387,0
-0.698166819323,-1.58839202398,0
-0.906085181164,-1.57721074516,0
-1.84836971604,0.515000214252,0
-0.612699947229,1.74645796188,0
0.633966438742,1.66604714258,0
-0.711277617077,0.33759191448,1
-0.948147248924,-0.24478070323,1
0.93588580843,0.429627426379,1
-0.844422769134,-1.52940268144,0
0.196166817524,-0.930177556734,1
0.271490656028,1.8972757511,0
0.87919590106,0.428139097029,1
0.254520974642,1.61652348922,0
0.00329840883948,-0.952642292462,1
0.425887183322,-0.621397265394,1
0.825993660692,1.65334115718,0
-0.0229015893231,1.71074948988,0
0.811741122491,1.54503383795,0
0.479518682068,-0.673730228912,1
0.339236155221,0.856521699734,1
-0.221181282655,1.71697342004,0
-1.41640541231,1.19712481887,0
1.72500136853,0.516774796886,0
0.781519698662,0.175886739454,1
-0.737941438721,1.71575314626,0
1.0290538934,-1.321877168,0
1.90759964693,0.478740938522,0
-1.03179949195,0.216766704514,1
0.727180603637,-0.378281686435,1
-0.71004788624,0.419116296087,1
0.450172016554,0.942064481092,1
-1.56210230641,0.607286089438,0
-0.739301089789,0.164725693846,1
-0.111975089792,1.7552311331,0
-1.67146286041,-0.84907875785,0
0.952835905268,-0.0974630239445,1
0.617123667955,0.792475505289,1
1.65762542185,-0.360126808465,0
0.171972434346,1.07942360081,1
-1.4216405514,1.17507464475,0
1.4792983437,1.00375880044,0
0.672514857255,0.348812559049,1
-0.317147219189,-1.76119583691,0
-0.0735720561259,0.84171967704,1
0.493698510118,-0.789920799013,1
0.48394566758,-0.814548537353,1
0.454025115271,-0.808623900164,1
0.743470873213,0.613572702471,1
1.3037314066,-1.27492107993,0
-0.519380013264,-0.674423839853,1
0.400070428205,-0.938860825864,1
0.835660116958,-1.51755679585,0
-0.849201468495,-0.359190458013,1
-0.269496381885,1.72332082844,0
-0.669612133032,0.531438730677,1
0.582195132611,-0.71942773439,1
0.523441962191,-0.639413546525,1
1.7456973891,-0.439352085924,0
1.49922307887,-0.697137581696,0
-0.558895430386,0.588963364147,1
0.707220020564,-0.335788043156,1
-0.618222346221,1.75113175031,0
-0.420686014686,0.759744760394,1
-0.216844990971,0.880903758098,1
1.64315407534,1.03693951001,0
1.70843135761,0.341751001964,0
-0.491497098259,1.76877967263,0
0.781560286885,0.436258317612,1
1.77007569031,-0.21300002269,0
-0.816704423071,-0.188572007791,1
1.04578179306,1.48172198782,0
0.274334362719,1.65972556645,0
0.825035057692,-0.517780001007,1
-0.38817989506,1.76990051322,0
-1.0443684136,1.24190796721,0
1.67250756075,0.693535571634,0
0.337619716913,-1.66538114498,0
0.138459293122,-0.991598854804,1
-0.654510027341,-1.64600983242,0
-1.36080910827,1.25884635612,0
-1.25049131621,-1.31054417748,0
0.784385224006,1.46442346251,0
0.995853800085,-0.140670808283,1
-0.473952909621,-1.07886681658,1
0.0807167533013,0.868658566885,1
1.55631576675,-1.06609871379,0
-1.03419531685,-0.0916339836752,1
0.376170748066,0.716174704579,1
-0.00961370299515,1.05008021782,1
1.82461728075,0.31430233442,0
-0.881563376918,0.105833424062,1
0.699575079414,1.80774242526,0
0.200012141289,0.904728365672,1
-0.884192238117,-0.295809077295,1
1.57067622025,-0.728475554377,0
0.586751636134,0.717602761277,1
0.427762195591,0.750919127225,1
0.390929903035,-1.67011486037,0
-0.582762997527,0.600342419029,1
0.733049715188,1.61516453563,0
1.70509489121,-0.0559735584151,0
-0.295970007077,-0.793949109068,1
-0.552028060582,0.905070388671,1
-1.6960751776,0.73360098148,0
0.0445512441995,1.94182550826,0
-0.505529784916,-0.716113282145,1
-1.34372916115,-0.96375635532,0
0.716899693699,-1.70388586059,0
-0.582541317735,0.573762134096,1
-1.41010861868,1.16711140474,0
-0.120595895025,-0.740444666774,1
-0.612777461969,-0.892730351588,1
1.09765146101,1.38151373304,0
0.345996131693,-0.742556338153,1
1.06923284909,-1.60268811589,0
0.0316354301879,-0.981041660676,1
-1.39008622464,1.21911003369,0
-1.11330603198,-1.38511426372,0
-1.50493989564,-0.916202514351,0
-0.61205978937,-0.50874026132,1
-0.856773588317,-0.459219084822,1
-1.15649978177,1.26733328001,0
0.721603940919,0.320529709604,1
-1.0584220185,-0.168933453873,1
-0.592079563169,-0.484604620629,1
1.74671086276,0.386524231726,0
-0.808361816546,0.214200395503,1
-1.60525654787,0.977846388287,0
0.839914053652,0.175725152051,1
1.91906793599,0.215927689378,0
0.555187134777,0.853542187976,1
-0.89188173676,0.413229521863,1
0.988991172769,0.998806320711,0
0.780020111584,0.280053061039,1
-0.794431575752,0.447248737864,1
0.86873702297,-0.188174810482,1
-0.753053699561,0.32377610024,1
-0.725753681818,0.443638998505,1
0.805047302485,0.2974942905,1
-0.066173188335,-1.87216330837,0
-0.366317902246,1.77264621883,0
-0.838870605642,-0.422695687896,1
1.7148770418,-0.0516542528759,0
0.519010782333,-1.66188423397,0
0.817581695134,1.30100190415,0
1.76968884655,-0.195158557438,0
-0.036173530294,0.976048077924,1
1.2667497524,1.56274843448,0
-1.80654358007,-0.132407500105,0
0.845145275945,1.65534492651,0
1.86682973779,0.298230856382,0
0.692838518786,-0.557190998947,1
-0.197431299458,-1.89482794346,0
-1.82763548182,0.127979388583,0
-1.57229593382,0.0170975144691,0
-0.07941875257,1.67249749524,0
0.151883233613,0.845487316884,1
-1.80496025039,0.152078595752,0
-0.275408402606,0.907309232992,1
-1.63472619092,-0.137770544321,0
0.709797263572,0.453866955464,1
-0.127643352091,-1.04198941656,1
-1.04752265883,1.46934157061,0
-0.564695080954,-0.76399742626,1
-0.849379734864,0.0830681183313,1
0.212301021857,1.71285840988,0
-0.00931036263571,-1.12967434538,1
-0.163889623105,-1.89822693286,0
-1.74629215364,0.00377255742705,0
0.188928549966,0.956954784319,1
1.61935862925,-0.646633448199,0
0.749255137545,0.407083438607,1
-0.229271005561,0.79380242015,1
-0.422355278173,-0.752117542702,1
-1.00391772229,-0.266259374003,1
-0.713502425528,-0.562998070123,1
0.445837795988,0.81593552487,1
-0.121356484863,0.848171307324,1
-0.721570774286,-0.159470036959,1
0.754487561362,-0.347747200253,1
-0.906309020826,0.423386228695,1
-0.0887562492425,0.884636541758,1
1.02430972893,0.288435861142,1
-1.71090155212,0.61917994369,0
-0.184564013778,1.76025771393,0
1.30738534732,1.17054167169,0
0.903203949269,-1.51369051956,0
0.242558967573,0.773807365411,1
0.756977481469,-1.82673633256,0
-1.77522811123,-0.129356308951,0
1.28040049796,1.2268930618,0
-0.850284266706,-0.0236499602508,1
-1.66692354534,-0.928144948192,0
0.905502758202,0.17924272487,1
-0.959326957709,-0.108775587829,1
-1.33916944493,1.14848527185,0
1.55696580655,0.712735714986,0
0.248650579782,-1.03305387274,1
-0.91790547289,1.48311319492,0
0.386432923913,0.927909376567,1
0.944192462926,-0.376800328981,1
-0.890220605922,0.452276945576,1
-1.7179254999,-0.353660815763,0
-1.78160369559,0.693294929782,0
-1.18967244618,1.42093020702,0
0.856374308787,0.00297090396517,1
-0.877691943482,0.288163778535,1
0.748081354067,-0.579097411922,1
0.917202148435,1.57605969969,0
0.696026434922,0.402771201128,1
1.6247646401,0.401157505585,0
-0.573355987712,-0.398308487381,1
0.349271981187,0.813585705665,1
-0.844346941778,-1.73479472801,0
1.46119449006,-0.985121019502,0
0.535768608651,1.82879035175,0
-0.850123676339,1.36987597986,0
1.7020920686,-0.527032935476,0
-0.28032795365,-1.71448865556,0
-0.129933422517,-1.83768317094,0
1.00998669598,-1.55597359405,0
1.72977773829,-0.742140795636,0
-0.283042449945,-0.837739432569,1
-0.0640812496736,-1.01103278427,1
-1.55288564768,-0.700952236117,0
0.21530322615,0.863656365703,1
-0.892149466652,-0.237620475945,1
1.28311474708,-1.20225134913,0
0.864141002779,0.360087650238,1
0.90011552507,-0.164450384002,1
-0.679953358471,-0.621022332411,1
1.15030942854,1.346359071,0
0.580735786533,0.793338876836,1
-1.27367139,-1.11795690506,0
0.77247320633,-0.391964410669,1
0.908943498061,-0.00478400917191,1
-0.251419048234,0.820972737774,1
0.990436564862,1.48605378684,0
0.683608392804,0.32433286418,1
1.53031609894,1.11659906101,0
0.547294947884,0.562425706427,1
-0.28137179178,-1.76690905838,0
0.484824917705,0.574534212888,1
0.0809267339817,1.90251720342,0
1.32669179613,1.07943646805,0
-0.136379882496,-1.74418117044,0
1.6025645019,-0.606598839265,0
-1.5698793302,0.872685820971,0
0.644499885401,-0.613064811175,1
0.421308281579,-1.5848415773,0
-0.748847309992,0.137757151263,1
0.554180544594,-1.67096898214,0
-1.21516232928,1.41615826993,0
-0.427378531761,0.776513972744,1
0.396910818848,-0.722266886384,1
0.844951890375,0.0622214858733,1
0.725939861893,0.490716123014,1
-0.617110545432,-0.638344879775,1
0.030292089325,-1.68694720713,0
1.6320375976,-1.06842676598,0
